# Host: localhost  (Version: 5.6.12-log)
# Date: 2014-06-19 20:24:27
# Generator: MySQL-Front 5.3  (Build 4.115)

/*!40101 SET NAMES utf8 */;

#
# Structure for table "book"
#

DROP TABLE IF EXISTS `book`;
CREATE TABLE `book` (
  `ISBN` varchar(30) NOT NULL,
  `book_name` varchar(30) NOT NULL,
  `author_name` varchar(30) DEFAULT NULL,
  `price` decimal(12,2) NOT NULL,
  `category` varchar(30) DEFAULT NULL,
  `store` int(11) NOT NULL,
  PRIMARY KEY (`ISBN`)
) ENGINE=InnoDB DEFAULT CHARSET=latin1;

#
# Data for table "book"
#

INSERT INTO `book` VALUES (' LL1P0VG6WB73DWAIV3NILB9HHJ8AU','B669K M4GFXDPJXCT88N1 CLF9DR3E','QFGF2YWN WC14AX 973I5MGYNREXRP',35.00,'NOVEL',62),('02RT5DO1SU 9 VFV3IEBK9 792VLDS','BROCX970VQPREFFUWL6X44GSDK5XPL','R92DYUVIQ9Q3S19E 6J11FWJSACBLI',33.00,'NOVEL',82),('16460IC9WA8CGP7C64BXYBX4NYML S','05L3LWFFDTN0S777NFDJPI1L4WXPC5','Q7TYW7JGX34FD9O8B9GWJ LXRISAFB',20.00,'GV',44),('1W61ICGISGBCSX1AIYUFLA4C3GNE6H','4FSS77AT QWFIGTA BY87A8POAUG87','2GU84YKOXSQO44EXCLAOV4GR3JQFDU',70.00,'NOVEL',83),('2ICW3G2WLG V0G JPN2N3RSXEBIWGQ','BS0WNJNC6G SKI8ERTXKKCPWWG87F7','SRI0NGUJJERQF0T6GWC1OEP2HTFG7M',15.00,'NOVEL',98),('2M5KW43POQWFAXT9SE1I35B  OPF5S','93WU69K19T77FU49NIK3RM1I7OH12X','72VDGRGX3TIM5JNB37R93HCM9Y9SOP',84.00,'ANIME',33),('2Y5CWN9FM1ECT3Q55C 0P396GEY57V','MJCC5I MV8VWW8VOYOIPALKUFPFF0E','YU5AM3 N34781QFSD993V19DF7GNDX',75.00,'LIGHTNOVEL',55),('3XJQWA310KAX08K8F2FWCDGM178LB2','O71PM4YM44VAGLW0B1N7SFB95YLJ7R','7EBDI8NMS1JK  HCSPQG03OO2WL8VK',23.00,'ANIME',66),('424SFX 5CVC33Q3MCOTFCE83GES9BY','5E9J6B362O1P8DT3 G5 UKMOPEB3TQ','IMQSJBWY067 DW40TT0GQK9H8QF1UW',69.00,'ANIME',89),('4O5CAB90IQRPWAJ2OE OQ M76W7J7K','FGYYJTLX1VO5DUJ2AG666QAUC06WN8','86NOH7NVPQIXY4U5115DCFQH2I5XY ',12.00,'NOVEL',14),('4RALO6SQ3JUL2RV6OBX J3L8PKHYA4','05K1VNELJYR3JA AXB0NXPA8SFQBJL','HT38CCT0USJULDDYJ6DV4OV8HAMMM9',54.00,'LIGHTNOVEL',39),('5 IA O4PIV20GC9S HOM47B0H89STR','HKJ2GRX6AM9S 4QXUFP4LDQ8HEIBK0','DVEN1T0BLET898NVWAJ5H3X8ORST2Q',50.00,'GV',28),('53HNTLXVXL15G5T7LEU2J5D92FXYCH','QYJUTFD1D6A5VC0JPXK1TE3PBOEBNA','KJ7C2LFMO5HXFJENDEKFW72N9CXHR5',77.00,'NOVEL',54),('53MAFIKGWNC76DJ5DJQ1I5T56B 83Q','L6BIBSVSU3Q0AR0 AWHBKB4RTPDDBU','9R6674Q5BB6TDKVB5WWDF5DR896D1V',49.00,'LIGHTNOVEL',99),('5F9KYA5K2C0QOCGC6MEIXIP81TEYWM','YM5EM0Q0F2RWVRF7G8P6GDYYH80OMW','1H4OTGBNMT3MPYR8 XNX58GRFS8S8L',97.00,'LIGHTNOVEL',31),('5FLHLFHTHWYLUJK92EW94U06MRAIEK','N67XAE6OGN3O16T52AWW 4T9E4WOSN','YILATYLG2E8QFHWRYY4424G 5 F5A7',31.00,'NOVEL',58),('6B 7OU2IOKJJAAADW35I7G7 K7PITT','1301F9XAX2SSKNRRYTAVF2XGLGA9XM','VV6C2J1NFUMW3FR2C9K4LCIORDMQVK',19.00,'NOVEL',22),('6CSMGETFKU8OBK1LCW28634WRL99V0','4JYCTADRP2G9TGSUPIMOW IKS02NC ','VBWRVMKLW7XFTL2JOBRN7GFAH4JLU5',6.00,'ANIME',16),('6DMPN0R769S2K5O50K65J9E10YIAGF','QJDCV33KKCMRN02HIEINXMS9F7ES N','6Q0MX 7Q4X7GBD44DSJP65T1DSHW 5',11.00,'NOVEL',38),('6EF9JQYP 9KU46EPWFPWWN4GV08RLB','F1BLPCFAGGDH3U4UJVV2OSJI69U1RS','XSGYRGXI20A7CC0EDN0RUNRDIAJHJ ',61.00,'NOVEL',18),('6FS1M177D52XF351XFUM6SLIIIHFRG','MSV39TGDRKARWUGIAOAJNL34MELPMC','B7Y5JV4Q0 NBO1DOT3RRKVTXVKISDL',25.00,'LIGHTNOVEL',35),('6QAIQY25K372G6EM05CJSPEYCT49RX','KA0FM8W4JFOS7U3J9R8CEJS86ADI7U','5Q3IWD1N0QND3A7I6T1DTY4S0N RFK',92.00,'LIGHTNOVEL',95),('760F98TE2AS EB2K35QC4V1YRU3887','3QMI3NA4OERG8HEJWVHJS7M1WJ27YJ','VUINRMP0AYFN4R2YM7LSRUH 6XRD0R',71.00,'GV',52),('8 ISMVQ4YDCBMO41U6BX00UK89825R','SPANJSIPUO 8LX6YW6JF9F66VS7ITD','XROKB7HN85LVK5TC8BHV8SS78DF92L',68.00,'ANIME',33),('87N 6VRHTSGJH76XDJ0TX1SD5J2D1N','CM 9BD5IE6D2RMLFDF M F5AU9 HS4','UESXB0UNOOJQ6D4EPYYD8B0U861V2W',45.00,'ANIME',21),('8K7WNJ197HWMU6HNA 8QGO5G0XCPIX','86X VJIE20O4BPH8EI73X2VOCAK5GH','CXVPMU3FQNOGQ09DI1KM1BCGJE67BI',57.00,'GV',64),('8L37EHLUTOS6RVVRJ9C0EJ99XDVW7I','48 0KE 7DVF9HECIBNT4EKN2AJCLG2','D4XOBBA7SXV6QH286SYU KW273JBA0',85.00,'GV',68),('8WDPETL5T8R8YNVW4EPGPP927P5AF6','5SQUIJMHI813WOHS1DT F08VDL 5WX','H4LNSI3CM36W95HKS5SXGFWK32AI X',72.00,'ANIME',3),('93FU58VAJ9IEA 4VW9SXTE JG 2O6G','2TM3JDNTJNFNFH19JK2S7WXI4F0HEI','M8O 8491XPDVXSJOD58QA2XHVDMTHU',58.00,'NOVEL',66),('94L8Y7TKL9TW EF5BGA3NM8RVV2QTD','EA5N0IDV OWU8J8W8SF5OOBYC2F0P1','C5C PHPJMX5224E WJ63U99F0OH4IT',55.00,'ANIME',5),('95LVHFIYR O7AW6UMMV4MMHWH6K8HB','3TRAR1O80QSY2G03N221UXRAG7E5XQ','NW86URBVXA12PEVNYSDWUXRWE99 6B',87.00,'ANIME',57),('9E0S6I RUPB118A3172JJIR0XG3E R','UU8YHAKF3M COFF9Q0ME4TB9DN33BM','X4ADHHE6TAL63A3HG8FGM 6UWD6AKL',29.00,'NOVEL',78),('A79X0BI 7JWTO3H4DVTOX82VIN88Y2','I66TV MQIWNE0LJI0MGR T7RD59HNC','VVDDLG480F9KYC3 1SV7AEU8Y05DM4',48.00,'NOVEL',10),('ARSYDWV1YQ2IQ4UARNAFFRGO8AGXE9',' ICNOB94RR6AIHWCF0SG QBLRLKEJ0','G075S14JC4RWR9D SN18AS2HVL9PAJ',26.00,'LIGHTNOVEL',63),('BNCO B6G9F7C885NVGPPX 1C IS0RT','CJT34SADB5IARYN7SD772IWLSM3NV0','W18 H5WX1C57GK48C96T8BS7VR022I',83.00,'LIGHTNOVEL',75),('DDYO9X1P7YRHDQUDTCO65FVL XGE5B','DY8UGC31FQF0HLDT001VI5XSX7MHH1','T2Q8NUEYIHW3KAE42550QP6G6Q P26',67.00,'ANIME',61),('DJES5I38IUK1FYB2Q3Y0JTYCNYWTMT','HWHR1MGYPM4UPW1KDGFVYLW99LYBTU','E JS7OHEUWFUGLSK43VI5FULRC3I2J',7.00,'LIGHTNOVEL',79),('DN1V0JV8DBNOP93MJDLFPAE7SIBLIH','NPT7T23KIM1DI07E5IFNYO79V7G79I','2Q FB3MKG2L4FG IBGHQ9KE5I1H2DM',14.00,'LIGHTNOVEL',87),('DSSLSDKW0FBF216TQ8CBJUJIWMVKIW','53GK0OVN40QDXQAHIKELOGJ9X6NCAV','R63Y7K2S8OY0IGPY0K0YVH7CQ73GJA',88.00,'ANIME',81),('E9YUFJHSF26KBB9A6 9NHUY0H8HJF ','ETOE994E96CCTN BCMTG9SA96OH80U','NEBN9HUWV9GODTJP5CQBA6SCIXAL8F',30.00,'NOVEL',34),('ECDR59OOF29RDSS91M HMV1IMYD5NN','W4M R1LG9 B  98CDD2F9YWD9AUIE6','MXJV TEJ5NBAKGDC22VMTP0GI858RH',3.00,'GV',96),('EU YPL9BIVMTHBXGXMAFGMCI5QH7UM','G 4SCRHGDVGBTV3RM9B7O8TSUVXYOK','A4G339VSAY1C8VAAIK4QXFXD48LKYL',9.00,'ANIME',73),('EU4MNQ 6 TS9AO0DAOU6V760K89EA5','MXAE205L5 VAF861GW1F39MAQPHCNB','HVG6K5ANM951ILVJ1UHYOQ91J52KCC',5.00,'LIGHTNOVEL',27),('EXXFX4 UFDB2JMAOKR0Y5MW1AUOI42','VCH570NYA6OTQQIB6SWRKYRJOQVTWK','9U17 O0VFE77IU71AH3Y 1VLEVT9T2',32.00,'NOVEL',30),('FFG7CHVTBKBPGVUW2R0GKP17GOW9VF','2HH5DSKLID 0GJ2GY6S52CS77UMBCI','F5FTQGFI45659J  3JVLLO5OAC730C',76.00,'GV',100),('FKH2YMKR0QM7Y 86B8 BQ515E03FFR','FJLF059MNY52FGQDORT1YCF5KSTKC4','MY YR4KLTM5F9JFUXR8T2HM5T8L2GY',16.00,'GV',60),('FXCH2REG0FT1VUF7RRV291I0B91LGL','8OI27DJHRRH6P7MHYD8IWMC60RLQ3G','O014214Q9K56RW28Y65VKK72M75VWY',56.00,'GV',84),('G2A3YV5YWO1M5L03ADR5N3O3OBJ1OV','0CTMX571KIT0VNUC0 0WIALHK77X7I','QF5WMH1I8HLI NX53UXMI BWSRM 6T',13.00,'LIGHTNOVEL',67),('G7GVN7E9JO4M140DDO47ORNYA5HWAU','FLKCUEGWLFW2UY5UL7C6GQ11B2T2HR',' IH LCR5NK71KDV8W3SF3SUVOTPQ01',21.00,'GV',92),('H61MK6XXMRGTF87MAKWJURMTPBG3KI','XDJASWGPADIXB48UR6RENIJW7JX1 2','8AC6FEOMC8BMDORONS4AODBXNUSUVD',17.00,'GV',16),('HL4IEC96VYKHKU5DI8 T 5T9FFH1E9','ARQ7 JJ1 OUXKBL4H4OQ1HEKXW1CD0','TJMBULPLMUAN3Y5JP4X990EFAK656Q',22.00,'GV',4),('HMX2MLBRL9DFGATWPJSI4Y2JG95SMS','AEVVIQ1W50 2O59H T8 6YB7VXJRBH','UAGGK5QMHHQKX60LD8GI0YI49Q1ID4',42.00,'ANIME',97),('HNRUUGD0FFAVASYJ3J9SVC992CGVBH','CT2BY3CW9IHKCVSO60G S3XRA88X2A','15PWE2Y3MH12F121RHM8WRT1 D73LT',94.00,'NOVEL',46),('I0NKIEHGOJ MK6FJQKKCI66DC3A7HK','IWRB66HVIDW404NJA2WJXWFOJ4K4VX','UUG8EWK9X91A 2EJ3TV959WN 0I3YP',41.00,'NOVEL',74),('J17SMHDNKL7U7LJ2REQRT24CYADDS7','WT 4 EB9EFWFAUXMNSGRUADI92GRGR','ERFURJN3X00FVMKFCQ6DS004NI73MR',98.00,'ANIME',1),('J2BGXPGL 6NL9CLXAGSQB8M5JJ0 BY','XW16CHYIW1Y0UQY2EW1 39Q0MLNQ11','HHLWLMVRT7HJKF0DR9VK ONGEC36BV',1.00,'ANIME',93),('J2L2IPFQ2ISXF31R7XS1T5GOVFIDCW','5BTEQ0O84 YCISPP5P1SVC6 I1PP9 ','77SM21UKUOUEY1V0V7G4AEIOSYRCOR',34.00,'LIGHTNOVEL',47),('JBJM6JS30K744WO7P3DRNTV XDE0WY','QW6TUBNH5T6LKNR86J640M BCU7N6O','F69F3XRYP7I46KL17O2Q4OXGC0XASB',64.00,'LIGHTNOVEL',23),('JBO856AA4BT1MKXCQBW6XONQN3L09L','OSO9HIDED7OAWNCLDHBYKXEVBW1MP6','G5210XU5G4UQ28FS6B5M2FWI4P9RKA',74.00,'GV',8),('KEAU92I 71PBEN9B985AJNW4JFW3W2','OEN9EGUHF3Q2VV2VUTLOUFU8KG7Y0I','100 5 44M0JQVGP3J37 C8S5K7IIFQ',44.00,'LIGHTNOVEL',7),('KK5EL6TIIQHMLIIMCFMSHK5FNTOP50','802NAVP73Y3 P1BIPXK2VEY95GB5UR','1 LQPGFJ5S 8631DTBGD9WK I I 5A',47.00,'ANIME',45),('KL19D32SVIE71IGDKXA9L88ILSM5XD','ON646DD0JM4VPSSN3F 2CCRNRW6A2K','JRGMG6K8BX0TG6AQKU014B7IDWDGO9',37.00,'GV',80),('KO7 253QDREIE75NNK226 Y0DAD9HG','JRWPR0095K97BHDHYHNB76B3DO41 I','05XOQCG5SFFNXT3C48T64TPIY GB7C',4.00,'NOVEL',70),('LE Y 6XB6I5J9FOEBU4SE  8YXCNS6','JA0QTKSLDYRK9X GD423JNMT7KI0JA','BJQO6P8E6HUI2ELAYN9LMGTSNFU2Q9',86.00,'NOVEL',50),('LFXJ ANVGYGPQRP4FHXN5EJQ1DTJG4','QJSCFS9WDDOVTDO1F9XETQ2UQ2AS2J','ONQ8SQ630IW63IIY964976RFWU A0M',80.00,'LIGHTNOVEL',71),('LHPEGVBQBAN55DIGHLUGHOB27F3FJG','BXHXSME4TT CCFF98OI8VOBTH6O5J9','NWAOG42TCSKNK9QL63CCYP14WYKWHJ',99.00,'ANIME',9),('LRLW3C R3L DRW06C6FKV1VABL6MWF','LPDT4Y10M12PH0F8F09KMGSCWAHWNS','0EM0NB43GSNDPGYHKE11TY0TAKR9R8',18.00,'GV',24),('MS9VLSA2OHP6L8TURKFRNPKGUQ0Y9R','YDT29NG6FSA8Y3I6WRT44S1ROB164P','DU9GRV8AAT0L7QIL4ODPOKV16LFF1W',27.00,'NOVEL',94),('NHX7MTTFFJEE6JMGG2WIOQ10MRGNYS','ECVHGFEPP75LDK5SDL6W9EWYI2JXMH','54OWRJQBE62KCWU0FEG4Q9SC63P355',79.00,'GV',36),('NLQ08D2MJCXJKF5 HEOQ74UFLHWC6W','IVEGA53R15T 0M2BEAL7A9E5688OHH','VI86I4XS1D96SRKJH0TOO06B XI8WD',65.00,'ANIME',37),('NOE9S2WBWE85K8PGESVML5VFMUY5A5','VI198S7MY1L9J27YQV2GLY0HF8CMHH','0O4B76UHCL9IT3K09RJ9VN9IMB1021',28.00,'NOVEL',26),('OJFJHMKBXDAKRSEBVTF488N17CN3SM','LP0PWTJG4G94BYRS95L72477 X1JIE','KRB03 KWT7H 2YKFYX9K JP900L3AK',93.00,'ANIME',49),('OL2NWUUYOL0I 6WP5 AE07LE8SUHMV','HG6UJWVB89LAY L0JG2RYTHGSQNC98',' G9SADU6CQBP5YSG9RMWDXH4  X06L',100.00,'NOVEL',86),('OQW9661 2LFKPR3GAYNYS EGJW6T51','O0URYNBKBU3RYNS43RCG41DXO9YIU5','T687OEF Q075QAH0DN5DC1PB55MOU1',73.00,'LIGHTNOVEL',11),('OXQXBQ3AV3KPCNGG 1PHX5DOUKOBNY','H468Y79TUQES 5DXBFFJYJSWW8NJOI','IX0H37NH9I641WBX852NC87 2T7XWR',66.00,'LIGHTNOVEL',15),('Q 5J7MES1984MYS7PBMBW8WIPV0JTW','T2B6I9K20COUUTYLCE1SE W1CSN5OS','JHKJ9TF1JU8GT02BW1HOIA1JH83OHI',36.00,'LIGHTNOVEL',83),('Q6GGQCA7QDA81675E2VJF58HR FP3F','3LLSFGHBNWE5XLJ9QPBRTOKDBKGXOY','P52HPBNHGY36M 8WSX0SD1 L6RF5A5',95.00,'LIGHTNOVEL',3),('QLRNQ0OH5PIQR2M46PN AGIND5F0NF','TTAVRQBOMVW428U4YPB4M3VRKO93N2','OOSTPIBX2SUQIAPHRX8T9I75KVVVCS',46.00,'ANIME',13),('RJ72RTV8LWNQKG0R81FV8WIL03PG30','022KFIEBMJTROT4I6TEEVQ8ATNTMB ','IPTEF15W60KET041  7OMJYD1LWIYO',52.00,'ANIME',77),('ROFHPD37BO0SLY583J8XESEDD0OYIS','JLU7L9AJQ3J8HVRLWU1VWO221GPG3P','LVXRUKA85DPL59099LHR6JRFGL1R0W',38.00,'GV',88),('S KOLX5JPAFI7HI TNFL9J1QMJ74RN','5T4TKVKGSA83YX7PR2W371VYE7KI16','2D33CHTTY1LNG90EVQTE7H66 45SC5',10.00,'GV',20),('S0ITLJ42WQJSP6WHN8 R9SX98F2DJ2','R PMKQM3R8KHUR0GPA7AIQPB71MDG6','05E754KLUSJN 69V2X5I6PU6IDY2RG',91.00,'GV',56),('S7MKV1F3RH3HU9U 9DAYY8TJ29685P','VWFTKUEVHSWAI MD0L6GXRY4Y51U66','JHMV4UG6FWS4OV3YVWM KKIT6MCKGT',90.00,'ANIME',41),('SM05EM7MT3GD6AFX9OR9GITR5IKJXL','XG1NSDFUL3DANPX8TPXLKFWUNEUGYT','0VKO1RWRBQPB V06IQGRURC221749S',40.00,'GV',12),('T7MEDPF2J4BTM9TO1QWHNHUR3F7MA9','1AX7PO1IDQWR8L1YF4MWI3OT3MEFDK','BDOMS0YKB8IK9IG51BQ0IJUDCW 654',2.00,'LIGHTNOVEL',51),('TCKQJST3NHXQ3DY4J2XHS7FR5SYCF1','UBAANQ01MKCNK7T0352HTDRK0ICM7C','043GUT2SPJLGW8LUKLOPJO4EEPVU7H',82.00,'GV',72),('URU5RNCQPGOM7VIW5AK4HR1A77TI4V','SLEKVEX9HNIUY8DGRAAISLNCBMBWCK',' WDLM8 WYJYQX5GSDD7MXX4EO0LTQG',63.00,'GV',76),('UUMN6C2UJTMQYC6SPSY1D179GFH HM','QONYSN1FMCEOMW7E1E056AAM QCKTN','DY01255SN19B3X078 P52PHNGQSLR5',8.00,'NOVEL',42),('V83059D4NQBD6B0UB7VOG503RMOQEN','0BM0Y1 MLG48LK7 UXSTISX421USGV','8DGJ B153NB9HEQN8YUCWOBW7XISWO',96.00,'LIGHTNOVEL',91),('VJYC9TL9L3QEGWXU V99WVNMUCBCGO','PW QJO00QKQRXKGYJPRJQXM66MHMC5','FUO9HAVTEC6DRWIKU41MAOCD7EQ27P',60.00,'ANIME',85),('VWAPY4G6CW3FW 0JD7MP2ATMQCT6NB','100 FETB1FC IIRWT8Y76TFRH7SYBU','ONLI1BYMLA2KPQVSWQE32D8F6Q2GKB',89.00,'ANIME',65),('W3NI1EL4LH 52KOMOHDLHWT1Q1WU2M','M2EVWAVWY8QQOVQCW11ESY5 4WMTD1','KMSCL46KPIV199TAVTYEY009JH4YSM',24.00,'NOVEL',6),('W6PIO7L9AMYI1AR311MB3A433Q2KFA','A99A3JTX03TAWHLP5P57A31BHHN1Q0','MY8D0K5881055BKDHMY1GWUMK479VA',59.00,'LIGHTNOVEL',43),('WK2MO8R4P6A00YW6PHHXHIS1JB1C2W','M2P4U6X K64 VBIJO2M JAJJ1U9M49','8PQ2BPSKDGUBFVGLE4DUIG80A622OU',81.00,'NOVEL',2),('WML5PXIUCYFT2MPJJDJTSGXBL6IN0X','AS7E8AKT0B34 6DSS7TMQHL8W483KA','GOTXM59NHA0W1NIYTGVBSWE60 YG E',62.00,'GV',40),('X1BJX4S4EH1C57AM599PL7VM7HF 2L','9J4J67YP4YX31396CDE8VN2N5VEADJ','GETKNKP97RJMQMPJ8TKVMJFF88SF6K',53.00,'ANIME',25),('Y468KKMG96FGBN60Q2CU5D3Y8NRD1G','70V34MP0WYKF5ONKQGG0WFPSS81W M','Y09P NNQ24YBW96LQAITXM90V6TY7E',51.00,'LIGHTNOVEL',19),('Y8Y3BYN4MNF2ETUKX8IO4M0J99GEFL','E765ULYCOBHXEYXD0MBIQ U3JS34G6','0ORPR7QY72PF W4HRFT TPGB4J5D1N',43.00,'GV',32),('YLWCUMCKKD4DKEWUX09P6TWJT9CPK4','AM6INNO5K4AXDWK 99AWW4FPW0X56T','XLEJFG59W5D6JIPPL2H7ELG6EOV58W',78.00,'LIGHTNOVEL',59),('YXFXWRSJYHVUW1K8D7L  CFS18LF3I','Q IHAYFMK H9RPAB3B84PDAGVQ98 F','AI3WMNB0X2G8YNQKL6GFC55R4BR32P',39.00,'GV',48);

#
# Structure for table "orders"
#

DROP TABLE IF EXISTS `orders`;
CREATE TABLE `orders` (
  `oid` int(11) NOT NULL AUTO_INCREMENT,
  `uid` int(11) NOT NULL DEFAULT '0',
  `order_date` date DEFAULT NULL,
  PRIMARY KEY (`oid`),
  KEY `FK_Buy` (`uid`)
) ENGINE=InnoDB AUTO_INCREMENT=110 DEFAULT CHARSET=latin1;

#
# Data for table "orders"
#

INSERT INTO `orders` VALUES (1,27,'2014-06-01'),(2,73,'2014-06-01'),(3,3,'2014-06-01'),(4,56,'2014-06-01'),(5,52,'2014-06-01'),(6,29,'2014-06-01'),(7,94,'2014-06-01'),(8,51,'2014-06-01'),(9,87,'2014-06-01'),(10,52,'2014-06-01'),(11,58,'2014-06-01'),(12,65,'2014-06-01'),(13,70,'2014-06-01'),(14,49,'2014-06-01'),(15,79,'2014-06-01'),(16,94,'2014-06-01'),(17,41,'2014-06-01'),(18,85,'2014-06-01'),(19,64,'2014-06-01'),(20,72,'2014-06-01'),(21,66,'2014-06-01'),(22,48,'2014-06-01'),(23,97,'2014-06-01'),(24,57,'2014-06-01'),(25,72,'2014-06-01'),(26,41,'2014-06-01'),(27,45,'2014-06-01'),(28,36,'2014-06-01'),(29,33,'2014-06-01'),(30,98,'2014-06-01'),(31,94,'2014-06-01'),(32,24,'2014-06-01'),(33,31,'2014-06-01'),(34,45,'2014-06-01'),(35,5,'2014-06-01'),(36,67,'2014-06-01'),(37,96,'2014-06-01'),(38,32,'2014-06-01'),(39,57,'2014-06-01'),(40,48,'2014-06-01'),(41,20,'2014-06-01'),(42,39,'2014-06-01'),(43,50,'2014-06-01'),(44,48,'2014-06-01'),(45,90,'2014-06-01'),(46,2,'2014-06-01'),(47,67,'2014-06-01'),(48,5,'2014-06-01'),(49,39,'2014-06-01'),(50,85,'2014-06-01'),(51,21,'2014-06-01'),(52,28,'2014-06-01'),(53,23,'2014-06-01'),(54,53,'2014-06-01'),(55,77,'2014-06-01'),(56,72,'2014-06-01'),(57,89,'2014-06-01'),(58,95,'2014-06-01'),(59,67,'2014-06-01'),(60,17,'2014-06-01'),(61,68,'2014-06-01'),(62,57,'2014-06-01'),(63,67,'2014-06-01'),(64,42,'2014-06-01'),(65,31,'2014-06-01'),(66,83,'2014-06-01'),(67,9,'2014-06-01'),(68,73,'2014-06-01'),(69,39,'2014-06-01'),(70,69,'2014-06-01'),(71,14,'2014-06-01'),(72,50,'2014-06-01'),(73,35,'2014-06-01'),(74,12,'2014-06-01'),(75,95,'2014-06-01'),(76,95,'2014-06-01'),(77,20,'2014-06-01'),(78,99,'2014-06-01'),(79,14,'2014-06-01'),(80,44,'2014-06-01'),(81,15,'2014-06-01'),(82,1,'2014-06-01'),(83,1,'2014-06-01'),(84,6,'2014-06-01'),(85,22,'2014-06-01'),(86,26,'2014-06-01'),(87,89,'2014-06-01'),(88,67,'2014-06-01'),(89,25,'2014-06-01'),(90,55,'2014-06-01'),(91,82,'2014-06-01'),(92,37,'2014-06-01'),(93,29,'2014-06-01'),(94,92,'2014-06-01'),(95,18,'2014-06-01'),(96,6,'2014-06-01'),(97,74,'2014-06-01'),(98,35,'2014-06-01'),(99,69,'2014-06-01'),(106,21,'2014-06-01'),(107,2,'2014-06-01'),(108,2,'2014-06-01'),(109,2,'2014-06-18');

#
# Structure for table "orderdetails"
#

DROP TABLE IF EXISTS `orderdetails`;
CREATE TABLE `orderdetails` (
  `odid` int(11) NOT NULL AUTO_INCREMENT,
  `oid` int(11) DEFAULT NULL,
  `ISBN` varchar(30) DEFAULT NULL,
  `count` int(11) DEFAULT NULL,
  `unit_price` decimal(12,2) DEFAULT NULL,
  PRIMARY KEY (`odid`),
  KEY `FK_Contain` (`ISBN`),
  KEY `FK_Detail` (`oid`),
  CONSTRAINT `FK_Detail` FOREIGN KEY (`oid`) REFERENCES `orders` (`oid`)
) ENGINE=InnoDB AUTO_INCREMENT=110 DEFAULT CHARSET=latin1;

#
# Data for table "orderdetails"
#

INSERT INTO `orderdetails` VALUES (1,21,'94L8Y7TKL9TW EF5BGA3NM8RVV2QTD',80,93.00),(2,30,'DDYO9X1P7YRHDQUDTCO65FVL XGE5B',26,73.00),(3,14,'NLQ08D2MJCXJKF5 HEOQ74UFLHWC6W',19,45.00),(4,10,'H61MK6XXMRGTF87MAKWJURMTPBG3KI',2,33.00),(5,33,'6B 7OU2IOKJJAAADW35I7G7 K7PITT',64,47.00),(6,34,'HNRUUGD0FFAVASYJ3J9SVC992CGVBH',56,55.00),(7,83,'UUMN6C2UJTMQYC6SPSY1D179GFH HM',59,90.00),(8,75,'JBO856AA4BT1MKXCQBW6XONQN3L09L',42,65.00),(9,77,'KO7 253QDREIE75NNK226 Y0DAD9HG',96,5.00),(10,73,'Q 5J7MES1984MYS7PBMBW8WIPV0JTW',79,28.00),(11,82,'93FU58VAJ9IEA 4VW9SXTE JG 2O6G',0,51.00),(12,59,'EU4MNQ 6 TS9AO0DAOU6V760K89EA5',65,91.00),(13,50,'W3NI1EL4LH 52KOMOHDLHWT1Q1WU2M',4,86.00),(14,17,'FKH2YMKR0QM7Y 86B8 BQ515E03FFR',12,88.00),(15,1,'6DMPN0R769S2K5O50K65J9E10YIAGF',92,56.00),(16,56,'W3NI1EL4LH 52KOMOHDLHWT1Q1WU2M',1,12.00),(17,71,'6CSMGETFKU8OBK1LCW28634WRL99V0',20,39.00),(18,4,'DJES5I38IUK1FYB2Q3Y0JTYCNYWTMT',84,99.00),(19,22,'4O5CAB90IQRPWAJ2OE OQ M76W7J7K',55,80.00),(20,63,'VWAPY4G6CW3FW 0JD7MP2ATMQCT6NB',95,52.00),(21,65,'VWAPY4G6CW3FW 0JD7MP2ATMQCT6NB',90,26.00),(22,72,'J2BGXPGL 6NL9CLXAGSQB8M5JJ0 BY',21,37.00),(23,21,'WML5PXIUCYFT2MPJJDJTSGXBL6IN0X',68,29.00),(24,47,'6B 7OU2IOKJJAAADW35I7G7 K7PITT',98,57.00),(25,5,'6EF9JQYP 9KU46EPWFPWWN4GV08RLB',51,92.00),(26,53,'BNCO B6G9F7C885NVGPPX 1C IS0RT',17,25.00),(27,54,'6DMPN0R769S2K5O50K65J9E10YIAGF',94,42.00),(28,38,'4RALO6SQ3JUL2RV6OBX J3L8PKHYA4',49,9.00),(29,65,'KEAU92I 71PBEN9B985AJNW4JFW3W2',7,10.00),(30,83,'S7MKV1F3RH3HU9U 9DAYY8TJ29685P',69,67.00),(31,15,'4O5CAB90IQRPWAJ2OE OQ M76W7J7K',72,53.00),(32,20,'4O5CAB90IQRPWAJ2OE OQ M76W7J7K',11,78.00),(33,9,'6CSMGETFKU8OBK1LCW28634WRL99V0',62,95.00),(34,46,'S7MKV1F3RH3HU9U 9DAYY8TJ29685P',16,94.00),(35,84,'J2L2IPFQ2ISXF31R7XS1T5GOVFIDCW',71,96.00),(36,33,'KEAU92I 71PBEN9B985AJNW4JFW3W2',70,97.00),(37,9,'8L37EHLUTOS6RVVRJ9C0EJ99XDVW7I',73,22.00),(38,68,'W6PIO7L9AMYI1AR311MB3A433Q2KFA',9,72.00),(39,35,'DN1V0JV8DBNOP93MJDLFPAE7SIBLIH',18,8.00),(40,35,'X1BJX4S4EH1C57AM599PL7VM7HF 2L',48,3.00),(41,50,'DJES5I38IUK1FYB2Q3Y0JTYCNYWTMT',53,23.00),(42,77,'EXXFX4 UFDB2JMAOKR0Y5MW1AUOI42',82,7.00),(43,63,'Q6GGQCA7QDA81675E2VJF58HR FP3F',58,44.00),(44,11,'LFXJ ANVGYGPQRP4FHXN5EJQ1DTJG4',36,16.00),(45,60,'OXQXBQ3AV3KPCNGG 1PHX5DOUKOBNY',87,85.00),(46,91,'6B 7OU2IOKJJAAADW35I7G7 K7PITT',50,48.00),(47,67,'2M5KW43POQWFAXT9SE1I35B  OPF5S',28,71.00),(48,34,'T7MEDPF2J4BTM9TO1QWHNHUR3F7MA9',10,38.00),(49,10,'ECDR59OOF29RDSS91M HMV1IMYD5NN',88,32.00),(50,27,'6EF9JQYP 9KU46EPWFPWWN4GV08RLB',40,61.00),(51,71,'87N 6VRHTSGJH76XDJ0TX1SD5J2D1N',32,87.00),(52,9,'4RALO6SQ3JUL2RV6OBX J3L8PKHYA4',54,13.00),(53,65,'OJFJHMKBXDAKRSEBVTF488N17CN3SM',63,74.00),(54,27,'NHX7MTTFFJEE6JMGG2WIOQ10MRGNYS',60,79.00),(55,61,'DN1V0JV8DBNOP93MJDLFPAE7SIBLIH',35,30.00),(56,38,'NLQ08D2MJCXJKF5 HEOQ74UFLHWC6W',97,41.00),(57,90,'WML5PXIUCYFT2MPJJDJTSGXBL6IN0X',99,21.00),(58,89,'G7GVN7E9JO4M140DDO47ORNYA5HWAU',41,75.00),(59,35,'EXXFX4 UFDB2JMAOKR0Y5MW1AUOI42',3,2.00),(60,83,'V83059D4NQBD6B0UB7VOG503RMOQEN',43,19.00),(61,19,'S7MKV1F3RH3HU9U 9DAYY8TJ29685P',6,24.00),(62,43,'WK2MO8R4P6A00YW6PHHXHIS1JB1C2W',13,34.00),(63,94,'YLWCUMCKKD4DKEWUX09P6TWJT9CPK4',25,64.00),(64,5,'VWAPY4G6CW3FW 0JD7MP2ATMQCT6NB',81,14.00),(65,52,'DDYO9X1P7YRHDQUDTCO65FVL XGE5B',74,60.00),(66,68,'Y468KKMG96FGBN60Q2CU5D3Y8NRD1G',38,11.00),(67,83,'RJ72RTV8LWNQKG0R81FV8WIL03PG30',44,63.00),(68,40,'MS9VLSA2OHP6L8TURKFRNPKGUQ0Y9R',47,68.00),(69,63,'YLWCUMCKKD4DKEWUX09P6TWJT9CPK4',67,98.00),(70,18,'FKH2YMKR0QM7Y 86B8 BQ515E03FFR',66,69.00),(71,53,'6B 7OU2IOKJJAAADW35I7G7 K7PITT',57,89.00),(72,27,'6DMPN0R769S2K5O50K65J9E10YIAGF',39,4.00),(73,43,'W6PIO7L9AMYI1AR311MB3A433Q2KFA',89,50.00),(74,14,'J2L2IPFQ2ISXF31R7XS1T5GOVFIDCW',77,15.00),(75,50,'5FLHLFHTHWYLUJK92EW94U06MRAIEK',75,76.00),(76,9,'A79X0BI 7JWTO3H4DVTOX82VIN88Y2',52,84.00),(77,32,'KEAU92I 71PBEN9B985AJNW4JFW3W2',34,35.00),(78,73,'SM05EM7MT3GD6AFX9OR9GITR5IKJXL',37,6.00),(79,47,'93FU58VAJ9IEA 4VW9SXTE JG 2O6G',61,58.00),(80,12,'DDYO9X1P7YRHDQUDTCO65FVL XGE5B',76,43.00),(81,30,'W3NI1EL4LH 52KOMOHDLHWT1Q1WU2M',78,46.00),(82,99,'3XJQWA310KAX08K8F2FWCDGM178LB2',86,77.00),(83,62,'LRLW3C R3L DRW06C6FKV1VABL6MWF',91,70.00),(84,11,'S7MKV1F3RH3HU9U 9DAYY8TJ29685P',30,49.00),(85,61,'RJ72RTV8LWNQKG0R81FV8WIL03PG30',15,82.00),(86,63,'LRLW3C R3L DRW06C6FKV1VABL6MWF',22,27.00),(87,53,'MS9VLSA2OHP6L8TURKFRNPKGUQ0Y9R',33,83.00),(88,30,'8WDPETL5T8R8YNVW4EPGPP927P5AF6',8,54.00),(89,52,'53MAFIKGWNC76DJ5DJQ1I5T56B 83Q',27,18.00),(90,49,'TCKQJST3NHXQ3DY4J2XHS7FR5SYCF1',45,59.00),(91,15,'UUMN6C2UJTMQYC6SPSY1D179GFH HM',5,1.00),(92,11,'T7MEDPF2J4BTM9TO1QWHNHUR3F7MA9',31,40.00),(93,69,'WK2MO8R4P6A00YW6PHHXHIS1JB1C2W',46,0.00),(94,72,'DSSLSDKW0FBF216TQ8CBJUJIWMVKIW',23,20.00),(95,22,'DDYO9X1P7YRHDQUDTCO65FVL XGE5B',83,66.00),(96,27,'ECDR59OOF29RDSS91M HMV1IMYD5NN',93,36.00),(97,53,'G7GVN7E9JO4M140DDO47ORNYA5HWAU',24,81.00),(98,48,'MS9VLSA2OHP6L8TURKFRNPKGUQ0Y9R',85,17.00),(99,98,'QLRNQ0OH5PIQR2M46PN AGIND5F0NF',29,31.00),(103,86,'9E0S6I RUPB118A3172JJIR0XG3E R',14,62.00),(104,107,'8WDPETL5T8R8YNVW4EPGPP927P5AF6',4,72.00),(105,107,'6CSMGETFKU8OBK1LCW28634WRL99V0',1,6.00),(106,108,'2M5KW43POQWFAXT9SE1I35B  OPF5S',20,84.00),(107,109,'8WDPETL5T8R8YNVW4EPGPP927P5AF6',22,72.00),(108,109,'1W61ICGISGBCSX1AIYUFLA4C3GNE6H',7,70.00),(109,109,'3XJQWA310KAX08K8F2FWCDGM178LB2',3,23.00);

#
# Structure for table "user"
#

DROP TABLE IF EXISTS `user`;
CREATE TABLE `user` (
  `uid` int(11) NOT NULL AUTO_INCREMENT,
  `name` varchar(15) NOT NULL,
  `password` varchar(15) NOT NULL,
  `root` char(1) NOT NULL,
  `alive` tinyint(1) NOT NULL,
  `email` varchar(255) DEFAULT NULL,
  `nickname` varchar(255) DEFAULT NULL,
  PRIMARY KEY (`uid`)
) ENGINE=InnoDB AUTO_INCREMENT=101 DEFAULT CHARSET=latin1;

#
# Data for table "user"
#

INSERT INTO `user` VALUES (1,'admin','admin','T',1,'G2JYHO83K6X0EVGJQGY 05S0LIW4BBM2OQ5N4WWNTIU98EYI1Q0HSHNBGBGDSFA48013KI0WT0W1MU1923 FCT93UKGQ0DSOCJIPWKRHT51UD33LF2PPFAJPX1WQ NUTYNVRF6WIX 71I94VFR00140YO5POTYP2UBHGUQNGWBC ELOQAYQ2FPP R0VT234AK4QX2PU5FJHTMGRBW5SE7N6DQBGCF1GTFD069QSXUQOQ2G 5 E3H5MH4UHHB XI','AEGSQS00IVYGOB5M87 NYWC60A41X00FCBKWYIC0SNMSXI4 04W248K6A1YV38DWVXNSNG2IKNC5 L1HKB4W1H830TH6TUGTA SJUOABU94J1EOYI40C7J04T2LP4Y20GCLKGV92T0LE0FW7T F4UVNFJGNKUD16E25R3D6C1MWLLSJWOIR90PV0DPKCLK9YHB5F65BN9YODAAHMKJWAHUFTPTQ QMLXBHR7VWXCL15ECCNUAXC2VQ4OAU4UFD0'),(2,'billy','123456','F',1,'billy@163.com','Herrinton'),(3,'kazuya','123456','F',1,'N7G2339UDJOQA7P4O2 7P50UECL PJTLT82L1PTOA PHNS3OFH27D8A46OUNW1CC1 7IWDTHHX7T78TGIWHF CQA21J0HW9D45 Q7RFW8U2F L LST PG5H5X7S6BP2E2 YW4MRXXQHUPYHGD7TM8FLUSD04 36H19 JINTS545DRH7RINLHIW0NRF1GMPVWDAGWTOJYN2336AWEK6DI3DNA6M7O57FAHW3 8IQ796TTML9O4EKKHO9NGV402BY','IIXT H 0LS2HEXEEN7 3CMYTY8NX 9J06P0Q9H3XQVY1Q2HMQHSXN5NGHA8JWIKDT9B3K6Q8Q8KQYXED L2LF3BB31Y4RH4D0KVA46EQGGH2OUDBWF940V5102CDRRL024HV9LY H35VPP0SI OQTAP34YU78HT2VD TK3QC TY9 WB K9L HU1QYCQXRC030V0AQUFXV97MMERVIA4PREKYPXB0 IUFP58RKJ5ON32KUN55E5B0LI1K8DP9RSB'),(4,'van','123456','F',1,'YLC6ID98P 3BF92QT O6X3EGBQOON1LEL5TS4FGJ51XUQ53N9RF0TEAB2TKOX2CW8J28WTRTFYQONRIYATBPERRX2P8KNCGUU9WAQ9DWFHJX1OSCXET TWX7QFYVJ XMGBIK4HAW4XSIGIBVA9WBVMSEOGDUY3KWC8JF7AI4N1C43WFUPPUX4MA0KXKL V5NV320TFW8B6G6UIDVOKGWOS7TBDYY8HD3LJG9FQ77M6SY637TS9T0BWAW  GL45S','PIKVKAYXDOA6RFF4JJXVA5WYAAI C6FWFOIYVK5TYAXFI07 E4V1XIASGW4C8SU JYX D3SHUZNRV5Y32T13K15EKP1HCBRSHC8XEA1M980T3G4FS28PITED6AN6GLTRESQ2D0JP3QFLK2IRHEAPCIB1JADJK302 BOYWO9XV28CRMBOQAVCQBMJGCIYQQTLNX7ES8MCRYOJEC8HRBK2IWFSH4927Y15GPEIX4FRN1X0A0ABH2WMPK8FSDPVGSY'),(5,'kaburera','123456','F',1,'HPLFR2REE6D2AUYBR3N6NP2CATUIW6O9Y0POQR7JIB5CSLL147WLNVAD3RHC8W24R183BLCANYKE2WAPFV41OL4XBPENCQRQCW255VFA1RVM5S60 J80HS0UJ4DBXUQFTD5C563NN1EBED10SC7X5I G5581 GH04VE I3OV8QIOH135Q  2 1JFALVHR 0N0HVDOIWUCHKTB95DDXLNNRPWWX58V VXYYLMGD3VBK0Q3NJW483T 92DO71R566','95UD3NT2KMK09O14S4XF404OEVNTXH XPDDSDRM30K9H1SQ5MDSD5WLM0CFQ9F P8GWM6555CT1H024PW08L83U8VRMS27RF7OQ6RA8615X37HDKMDC4IENBKFK9TN A6IP75BO XGKSHRPD01QDWAVP3S3TQAEE1L7V51BB2Q1EI8ARLOI93XB2LHLIVAOTYQ4OCY0RS808NWF547DYL2XYMA0U1HOHCUWN65OWQ9O 5FE PMH6P6KVW3TPTC4'),(6,'kinnkaku','QUWFWOC7NPVR86D','F',1,'7 L03C7QGMHJAGH0QKRLV8FWGPLYOMWLLSETTO4ECTAEAD8438O 6 UXNO3SK8047C1B8015YYUGFKLM9IX42JVSHE0HRITGJCEY47PVQYKN57J3VPPNRMST3VHPGWA2BSYM1OXGFWFDJ1XYSDQP8HYCTBAIRHBFMROMFMJN02XCLHSJ948R84OJA0OEG0XRTH4MDSE3SV3S1N34QT1QB5CJFHF86W4BHCASUOEDAUG9C8VV FEWSUDDGCV9B8X','5R7GX4D9K4YR21VFXN1Y YFXXA8LQPQ2KXQRB8T5KIE3QU6ASOLIT8WYU MFJY XSR0P6PS4YM 3S1J VN4KNW1CG42YXNE21UEDIR39W7MDT4V5LSAFV 3LJL8DEKT2T0U947FFV8RT852CJEBRP3D47EAE757GV5S8MINJISDV5Y2YN1VN5L66TPY3EGGL9D8MDUKAW3W8IYSD4C9MXEU YUJWTBMTCXO3I 2D9ME437AVE58JL6TNMASP33N'),(7,'ginnkaku','U5CRRGPIHT3I2SF','F',0,'UGH67JMYU3B7V7NX9PQRB5C1UIPQBJRJREX JULU7QGIL0SSNN7N189FPCYFN9QESM6 NFTY080CAC0OBULVA22OFK9EO07L87 YLIQ4A1 15TK1189ONY17TXL1P3PTB AJLJEGO8CTPA8TDFL54F YITYHDWB5XDYB81DKPJ5WNQCANQ AU365WCEWKYK4TIVRDRPGODGC29P6X2W1CSII670AG0KNF5283K2INSC387PM51S8CFD49SWKIW0','V UGATCWO6Q3T0ALED1HY7JV9JXJA9BPMUCR 2D01AJVDCDT6OPXC8MBSKQ326 G1H04OQJ6R0F9AV 7YFJ2VVIMCVRJJX7V4BQ7NDLHP1TFFC0HSPPS8GCDE75QEPWM00W2X49 03KWC9AB2OSCS1F2QFKW58XB8BF7AUAM354MFQQ7DQ1HS711HJ6Q208GJ5RIC I8QAF VIALNC676BINXPR963QE0NX9FPQKWR RK1XV36F3QA52SAI0C9F'),(8,'biorannchi','2X0YY81W1I6479O','F',1,'P0GB7AN9ASTE22R5M3QW9D9 0O6L 2J0EUU157F6K0232OICVGTJ72GEP53W8FFKESS8 IRYTVK8PWM4S YEF5WPU2G76F5BO2ULV RIHEKERS0TGOD2DCN CRQGCP4AFIYLNCF133RUKIK323OXAHNLFYRA VNT DEITCO3E26M681Y2BW2XAS7E0U7XMYHRJYBIUCGAVAN954K0XHHSLUROSNFOO45FBQWIN46TNYI6GDIJ2BT0AGFWO7 FQ9','A5H174VI8HPXUKJQIMW008SOU39C T 5ER3085 VKCC0EXF3H4GD8EE60O EW4YCITVYX62M2Q8WV2ATI2URO04QX7BBDGTDWTOJOB AA9TH4SRAOEFFT0ITGAO0SWC I7AM072AGJGT1KUNS5FY8SMO6LESO6SSVIDGM1 OF7IBQC0V6C 3PBTA8RQ3PHT28AKFDJVEQY3LHJ2OX24150YHHHTSPIEYI4CC8X85IIDNP69LSDT4OY8UGHPXPL2'),(9,'GNAC5O2VM ICQKT','X2AUX38NPLXUM57','F',1,'J59I6PTFTDDX00F0SJLY9TGDA5OEHXXMQUQ5A5XPF 4CJG6WM0QPPEPF0B8U7KT83SF522UUXYP2HJEBSUU8OLKK07O7S72B1U0S0FYSIXMWO 0XGMG5M9JBSOU3I38ML9X0J2 QXW5C K3LGBXQ19JHCXESSF229RED6RV0G8AH9U4A0BCVG9MX8ITA 8MP3EF5F5X3WRX4FDR4 DM6DV6QJH84JI9RPNS6VTNMNPLPEJ0GPQETFNY3V8PMW4M','7YVIB98IO5BDQMA3VRR2GAR6T2IMFELQB6OUY1CHU4LVR30LY2HIDEBECO04BOWIGKB1Q2QRYVSRWBLFE4AO1KUJ2U6G5Q0EURW3 JWYBQ8G78DRX2XLJQOKBUGL9RODNFS4L66E9WGHB7HH91FHJ933HWINLBF343NEYYN15IBKD0U16Y2P6V2FW2EWJDJYK6FE D7HENYK4U6LEQFS6RCI1BCS1C4V81BO6AJ1G7RFPBY S6EEQGHXBKWWL 2'),(10,'N4KK76W6R331WXU','9WYXDWX 4Y7GC0K','F',1,'R8MMU63565GGH9C0TUNIVKV5MRCCWL4WFN3S9UCAPOXWKY2QCS5HUGLDKYP93BP36U2LSWG4J410RQ162PR44U0CP5RB4L8OC C5GEC1PMS3IQ431VY5M32H7YR1RF0TMF5X54 DKEOUWQ56JNQS2BR J8IAKEFNWN9RFHFARUSDV71 2NPMY942HWAEVTX7D91 PJPY5IN668OYJKXLLB8R16Y3QMXDI4A950UDW4E7AL3G1A040I61KAVG2DW','75R5PEEXQ120UGUW3F581H1007UUJ0Q6128CMGLPM2UVF0N GS7XN4N1P9AMLMWTQA8R8HSULK4FCBQQWFX60483M1JTU5UB6F02R1JSK1QFLS0UOV 3035AIEF7BNQIYVQTPT1C9KJJD2UFS95QTTB70QTEFB6QJMPIWPXS4YFD4W5W1G61U95SI8LXQIEN3B7KEODSFOBEO9E71XWUUIMF4MR87R3CLAJ9LX5E9S5128KL6T4WSS7TTD7O0PJ'),(11,'SNBFPUQ9GYJ6UG2','H4 9JC9MEGSKG8V','F',1,'Y2EV4NU017ULE3284VUNKVFM8SNELRKQ43PI93FG4WGVCCTYH544UNJXCJM08P3RLMM5WE04SXOHV7X7GFMFCU3S7RVLP RK9144A9UIU9VMK LIXGBTFQLV0A9SB3LAVG7PVGPJSJDFE7NRIN7JNO3CMKP4LJ5JXLV1FYXIX0MWKHF6K1DP 96OSO24F1IAPW87 YC4FN2XINQI9EVCJ6YT0ED5WIAWACB7UPCI4 5E1MYUL3SCTA21J5KGFYN','RM9W5TDRQ3W2S23THJ04Y VVLHKMNAYCW9SEUMGU82TM6V68KRIJJED A87YRKPOGFTAP78M9WT41FOGP6MLLAM95LT9GX 59PRNKDLRXL2F01U4EHJ3USHDD4SKQIJSGWH20KEWKD7THQXPFIVCROVVHN1EF55KJYFHFXJMSJE P57KWAUYNDOB821M3CMB6YJ9 8YBIOD0LL015 71J1V2PHRJ38RQD4D7LVLDYEEEY1OATY619DFF65QTMLH'),(12,'DKI9TS6 AAJQSXG','CAWR1KB9X7D6U8C','F',1,'MGA01K0ECWOKWEJVMSMO SAEEI3F1UYPXTTEAURIOHSV3BILXSK074 9L667QSAOA7OONSJDCF2YY7D 2IBPI8043DKJB4 3SL50PUC60WBSVBONMKCS9GP4IDLOEGE2F9S6H6U59AFUJOO41V7R5U3KFSQDW7MO5O9EGRFINDG65173OKNOA9SNAHOX6JB3QPCJEC1LJ4OC70T7S4K29C5OHK75 FUHVE1WKHCNAVGGQYP4L9 2 J51AJ9GHM8','95WPIVWVOJB15TNIVN2PA1AMREH34Q4EO4G49UIABL0EGCO1IX F20R2FSSQ8XUNIPHFJIFJ0DNSCCGL56TSVA8DVYI0MPO4BL1MRQCRT4L7XV6YJJH7KEJCS1E1A8AX BWLCM7K2YYR483JRUK614LEA UV60KPU4HDKL 2LOEMU1O8DTD7 GKGULTO4QJMM2WYKBVYMYAVW5IIAWRT1QOYEB3MVGDEH0UFHR8GQ5OQXQDAVABLRLDU9HYX2HE'),(13,'QYMHBPEYLGAYVR ','92XOKH9BQ0W5W4L','F',1,' 8AWGS1GG47BQWBELQQSYGTN9Y8YLRP5R9H2WD72I5AHC LGRN5QJ1DNFWX863QD26TKYHU82GDDWUK3VUL3LB3U8A8 L6R0TD7 044RT8457DVTLGSTH97NMJ765B OHRBLJ9EPX1 M2ECB53BIOR9P4DRG7SX52LJCYQE77WA8BK4EBQIEML5OO1I43RDB3J5TSB3LX814VIN3EPHGWJXIW4V489C8LP48JORCVS12MRLI6U36 50AVO420A7','JMJ220DAP7TU40J4SLB2R5JA2RE5744UKML0WAS0M6N60P9IMIKL651QPJRXIB9CS0HJE0KKHJ79QN29G 9J3QNDKKGA8M25DK1JB1D MRJCUEJW09VR3G0GY8N37QHLH1CX2MTXA5VRFW1LYI5A88J 7TQ8SW9PC1RUGD5NVWU36JO80T3D5FFKNHGVVNX572 LXDI4P68162DAX5 C2SOJOBS9WYS9CMWMD2S0808G5PVWIFFQMG1TQB UT8X'),(14,'7VY69DK7QO6E3WG','YFX8DQ AGRO1XDY','F',1,'8IXSLKDIWEQ4QSO6V138 S57XTEV81QFH3XPY0MM46EPNH03284V56NB2BMS8BRQ1P8P7FVSA3WDS8YRC5X7VML7H04JRWE P3VY2X6 KTESCOVCJN3Q3KWEU65LP9AD8805PCA93A95Y8R AYGD694HPG5WEQS1AG JM9LQUS 7L3CX8GVMVPG2IQP KEX9FDAWS44IPU79Q8WFUXFKBPSQL7IWB4DA3TLHK2LPJ8R37DHRKBCP1SN799H68JF','AP67Q E0B6VF4BGKL9F3QH6F7YQ2SLVM79QC3H6CNHM26J4PLQCQXOC5KGW6VHDMI6873J20OBOYQS9RW55G939HJWTJ1Q Q6XMH1EI1Q257LXJWC3A87D7WVBK1S3Q318WBN5MFYF6IWLD8QHEHPY2X82E512BVT58E3M27HD44C5QYRG8654D64QSU3Y3A6 Y0WE9HA6IQWTCA1FPT8UE7169MOV2KO9LV0X8DBBYM LIH26VF5W OANKJYMV'),(15,'87W BQ0DAEMV44 ','X9CKTHOXLDL PVR','F',1,'7UFVRLAQ4ULY3L51WU1ASSUAPV27P22EYBSYH7DOAYMX0DW0PR1G2555N9H547W9HLBY6P9JT0VWT2XQ8AV8FRBBUILGBB458KFU78VTCCLHQDJNKGQ943A92IS1VULVXD4YQK5 QIHTPL012EBL680EDF375X55K9V3P41C74SEIOQ3DHWRFXH12F0MBDLOGMOEU0J782A4PA3XE7AKIMPDTYMEAMV1315IOYOQK9AALNHKC6RDTCQIHJF2SSW','G0HH2QQ40 FTC0QHQE97QCW9UL8RYHQA9T29OL7C425QI7UF87RM4Q6YUXDXIOYGJ77HGHXW1GSDYWBRHBQGW5RGGVL1VJ5QEXTP1TRE4D 133DW9LT JEJA39RMTX31BYDURRNE 5XF5GBAO18SBXF L CJWAJ9 CSBS3HCKADM3AG71VO0ATEX 5D2KRE4EDJT369J0GJ3OK5V1EH3AUEFK BWW6HBVGQLD5YBUH7SGWREK4CWWEHO0V87VXO'),(16,'3R02I57EEDU5P56','SK4NTL9 V6VWOOC','F',1,'0KQKAY4R5H9EOBP1O GDR82OE GXN33T26F04TFN2XL677UVQGMY6W2V8528E18C2UYSI93SAHD LVRC9MGNNV1L3C3URHGNN0C25IW35E6DEVVDLS8KRFC3K7XTSQAHTV84M R4EQ7X25RIF00 56G3K4KAC9C41D 5FEQV67CAXU4SW6E57Y1WG9REAXGD3AKG1R1W2G34AFWRJXSDCXVE0MUCASLJ95NDPE3C0SO4AM4JBN3YTJYVEWTA 8V',' GIA6862T1YECC6BCQ4 MDJL2XYADGMLF416VSC6EG7F A I69TVE2UD7RMVNFGOU ALIF9USMEW8D9N04HTCFWWC 3M0CVGQX P3HB63LQOUPY7QUWO4LF8IQ0OCQNUG2021 K8AOF4X5MN770SUKRHMGAO0U7WBTFV3SQ49GY40EJH56X4020RKYXSORNLGTDSJJ51RUX61WM985Y3JLSA073PJBO00380WMU5I 37BUEIXQGPPGI8OJ6N54P'),(17,'KXTV2OXEJFGSGF ','WPVONFU7OYU7PIL','F',1,'18TBB36V B2QFG60V1UVP4WN1550I8HTK WO9QDMSGRCW6JLJWX5CE0DVC1T2KA6MJALW13 7GQGSQY2LLF9Y6ADEU09U3CIXXBGETB9ME DJ6PQBKAOHXLB0P97GYAYB0JRH7UCGARI2UXK05RYCINE4T5M6TNALLT6CR7V51MGUKF80MBWL7UM82EPRMO0KEAJRGP37FFYYIX N3QEOOEIT8 SGSF860DU0OIX479XVASTDO3HQ1CDEX4C24O','0MI9DKB0U82NKF55GY LFR8FCGYO2UNAUT3CKE1Q258BOWB5PR N MIJ70HAXDUKRUTB4NW UUQXLQSVFYKTE1OKOS3D4C6VJRNFPN3FKGCM9I52V0FE40UF5YNOTLJPVKX1H6MBL31O36N0AGGU11UR0I80O9N6M47N4C8LCQ3I06EOYJWQNYEUPEBFYY 5J9CXURIVAA1PI9AQ9K8TW1XLPHJ2DNS1HOIQGERFVKQ1MNYGJP80D MLHJW99S3'),(18,'J3IICMXKT8OYQ6A','N9B487I8P5 I7JH','F',1,'J0A6EAO2HDSX2HPY206HXNGIFNH7T1N07YJ7M26ES47DOM394X5OM3NOFN9C3XJLWEJFOT7SX6XAXNBH1IDBLWCN6RYPWR8X536IXSA YTCLAF3RKS1UOSO8I1VJNCJPX84RQ56WDPQVAOEGY59GQB2FPS5SXDLVUGR3HYXK7Y1EE4H11EUVP17CKTN 8ISGWQC4L5W9313089W56RDJID4BFC2D58SPRIU5JMQB4UFBCMFJ8V8K5N1S8YVTA0K','YKAJ UV DJWB3V3ROWLXEL9SQM79B68 P35M8MTIGR4F9D4N0J77JE59DQWC87CX6MAM7WGFRRE 5JCA4RPCMM5L3QLT9E7KPH6H8TISJ752O120CQMX9LDLNN9T250JNTJD8 K90K007XER0MTLN4QSRI7QR8Q5DPBIMCV5FBW8PN66LGF9GDYB96122R6CB5TDCCJF3T2BL24HG6VWWYH WHLI8BWPX2KJVPGSD9 0VGMM4NUPPUM9L30W V6'),(19,'EEBWYU8GOTJDR2 ','LG8BPD 3J0F9QOH','F',1,'BQQ40 LALMRBGJ9IUY10GW5P9TAGJT6RLA1AI6FWX8XDHCA50SNXO45WJANPRJXTM37EVR0LBPF ACY4BWNCMBUGR3H3PR09BPO640S2YPC2CIJXGCXPEIFWGYWOEQWY6QXOEORSO0OW5GNVSBDM76JMSLUTYAGMGU87127  ED H5D1DXR2HF7RJV66QRXOYOSBI0WQ0P728969VDR9QVV88KNP5Y F8 SXEWYTKPY9EVX7NWXRNMERYJ LTBO','DPMUWBCQQ3P5G2TPM80KUJVJJMA1W2E73XUGBTX4JL08M828WAEQHVIYQQIYV1IGHLE9PW5 LDFB5CCCWM54MA0D64H1AWGSS9O8B3XY9JSYL01TH4V2DRP1EOSQ07P4B5K61T1W3RGH7ULSK7MSGCTIYSFBMNKROV8LIN41S731RHAM9TT8A0HMOGSR9UB6HNCWX4TU6LUIVMA0UEA3XVRGF3PVSJ26K7X56TM1866MO QUOYAW4 LGAQF9QGV'),(20,'C1NW6USFSIK68WU','R66 MQPHGYTPB2F','F',1,'7M 8M8T0IHJ22VSI0EGAJWOS83Y75YPI6EXT2CRUMEQ9XD8D4KOK7F29J2434HWK857N3GDOUS46UWJNV9A18QD2I Q4J3GPLGC8K9SDQBWG5YJ2AIBUKBF00IV29IF 6VXAG1HNEQ518IJ53FPDA6FPIEO1A09DI0AV KD0QQW5O347O5CALU1G8E1EQETISKSAD4VN751C6SE92UYJWF9GXCUSY0CWW5M56JMNYQFCN7S7XP8DSHJL40W4DOI','FTF0GVOL9GCRDU42Q3T2HU7LYY1434ICCPRUHS7GRLIT5TWC D17RA2H5NP2QO7XG9IGF7H8URCU I4HWWGSP7F7VL0C5TBPTKM2WJHBQIBPQGF061BDPJQQG43LL5BCM7JN5A2BTYCW 87PJO7CV89CD3KAV9PU8C304W24MSPTXIXQ 66WYCAK6 FMMSQE7NIOCW3WU54KFXTFLIN CUY8OP3OYFQL8BG13VT6BRO1 43HN5GB3U9GTPD8QUS'),(21,'0PJ NUC46MGJML ','CI5VT9CQAS4DIKX','F',1,'VUD53S54YJTOLH8V6P7J0IL2N5XP7KPSUJ97RIIAXW88X88IXIAFRDUY9UK5DDXO7JLXDLL0SPW19KK2C23A7B3PNHIQJWM4VIMQ0XVAY00YFFLLK1VM1L0M0NGXLWW3C3M9X05TGVK1AA5UI3S92XNT9XTGHK98T1MGJUO30EJPX6HGM1UACLF7XX1CEPN232OKFY4G1PRMML7Q4K11YC8H8AFYNNDSO N2BEJXJ 2QQNBVSI769JB31O7UP67','EKQS USGMXRQPR8Y25C173XDFODN46T0HA4BWTMEBO941VTHW3N4D89TQCT3NKBTIPWGRFTA42G7WJG0L6L9XXWF4WWGQFMEKU47U90DK 5T2NM887WAGPIKOFPX07O5UCAD0TT78QLKY5Q36LTW44K MJLHQCEOQ9AIUPOLY6CTP06WU5XKUUJKADFWUDJURAFYJK0NORHR0957UC7I6GPM9MERXSTWMKFU 12RHEFBBWRSY44RANDM5G7E64R'),(22,'5F78Y4G 8IU094Q','9WJ83V8Y6FEMO4D','F',1,'V4PCD8UXKJ0MTOXN692YM6M5C2HLFK5XP7ON G9R9JBFXQ5FAY4JWVEHOUFGBJ396PDTW60X4XM9N 1OWLV5NLJ5QGRE9E5SJ4MK4I4G29SXS3P5TXEVR LVI5 4FWEG8EPFGIMS6H01VU8 384MSKWO6Q14NSUGS49O6BAKO5XW2 KIUBX3Y2TV2G9LFTGC CBEE3YS CKP5AKEDH2Q25K2L7DMWS0WOMDGR28MMODCNM1J6M6SOH95FCJ0VL8','T7C0LVU9IE78Q6BTVUROIFPDFWMAAA3MG89VXGGBW4KO02RKXPV3UU4 6GRKRT46JPEEHP38LBE1OTWBOEL2GW9JMH4OC2VQY8A5WW1M0X59YSYRCKH7K7L1 DJAE6AVACFW  VU9X4NCVHBTQXJJUW88NS9GRMVPP7RNCN33BKPGHI9LMA8WKEOXUMT81MX4YW52WRAW5LA1JFLXUSWBJRRBIKEJPEW0RPPF427RG9I0J33M4L9OH1K975SE F'),(23,'QQDPL2FR5KQUI1I','O7NQV4WQHL8IM0T','F',1,'XJM22S6BAYOFICK86MQLOL3IDBMAWA5DPXAIFWHTUR87GYEM79SFBWUDTPTBRUWQP45LID5QU9NNNSBBUMVGI5YQ2TAS9LFFRV8D6UNTBPGHALE8HQ96 EDY7PA9YBRJVF S VE2DUI474NLR4KW3U RHVG4XSVH6LAI45PTD08WX51XDTUOWLI18FTH2RNU OD0GCTOQ0ASJGB07GLD3UO32XUAT2TLSLYII5UH49VNVX8WA5OM T0DNKB9AL3','HO8FQ8N9HMVG93HX71NB 7HDA6MQ7MU6L3DIV0TDG7NI3A80GSSJ77MLTKMFKYYRMQ470871CLMJR27P9VO2 0IVBQG3ADFMS4Y6DJ77F7M4LJAI6XRP6JRLVMI0UQV7 XCFB2NOKKG66BSUGKGJO6EW79 OTGAQPQM6CHS1D6SW6NESWF10MVWSQO000H29690X609K3L8QG69A17QP821 IWO0AA1K95NIMC2GKDAH 7U 3LKMYT3YA3W5SWF'),(24,'K6FP41 L1PKSBNV','3GY7YCH6C3O61KJ','F',1,'MOCCH4WT47097X41MI 78 W2EQBFH4P29DNOQAYD5M1EHWNYTE6JEHVEOXHQH3NONVGJTHSH7A9XRK01M22IAWYUA1 L6EJP0MRGM3AOO9TNS2WFUF9OKDXCO24DIFG4PYQYM02A0I4KQ S A9LNIHCH9WGOYYAL14WTUIL8NUVWDCX4S97AT8HJJDT9J6PDDA1XS933511XYIDY91JLTYIF15B1SP2F4I6EHDK3YRW4CCXBK4APCHBQAWC1TJO','0E9YV S50YPGD02DJPGDAOULMXM2ELHVW2EB7BFWQRAP2QE A3U1JMDLXT86MDWJL38J8MKRER15YDHU6BGKNST0HM13EJSVC EVE0APE2TI6R6E0ELASX72PF 263E5E6VSMWGB4RQNF17VK8UQN7AR06EKWFWF30TWC5RX1S7KXT10OL2LG6LOTUT41C39QRRWL1MEKYYFF2YB57DOYUH2N62JN O0PKHRV98C92XK77 XVN7 HK1T0W9P811'),(25,'N45V4CW7GABF 1Y','SYFLBQLT1DKHKFV','F',1,'5X4AGMERNA97JOSM7U3DAYUW8DQACT1RIWHBUYEYMWSAS0OXU5T52Q GSBUK U25KYW7TGBAMEFBC39G81ACNGPSJDNS5PMU8N3 CEH 11XC91GKFMG9HAUMGTLOPUN6QLB66R9AH2IUDL9MR3VMO1ALT1QFGC5EIMCOW60AV10O95NSVVJJ55WB8LLMTY5PCQHSSX51FKQ5DTP6MJ2HNPL8H8B852P692L8YX4EMGJYVBHU8RJEOHEPQSHOHPX','JKVQC62UBDDJQHHOD86SGWON0BKS  OO8N0 CV6PX31AOOXVSUR9T7YGRO8RAK2GBQYD69LP40K98YYNHCPX0ULQ97VBCN1JSYIPN8VCQQ64NX4HC6TKYBH4TF7L UW1G4KQUT5HEO3HH9L75HXUV90QEI LDYLIXPX3273DJSLSHT13C1 C9E21VAX9YWIWLSKA RVQDRWGRMMS6AUKVO6XR7WFFSNLK6CSH 7MVVERNU4DRDHVR79NHFPVTVI'),(26,'4RRMAQO446NRVPL','5THP09TKUCQT99J','F',1,' RUE9NOE32I5N4I0Y4NDM0I3BOM0UMIXMBG B0YWSLEU2WSFX5EQI95TJ65DM6SDCPL4F1WIRE97GLT40177I42XVJDBA182XST9J6FSNSEQRNDAXT9GQI0GDSP3HLW61RXDYN3B D7C9FR3CRUQP DJ35KE71FXA0TYFG3N729LQ  SSGHTF058W5PIVC7L8BK14DBGQ0CH96QNQSU 6P4QMLV9B97E8OE7L19DSOAMDNBYJXP3S2L6 L2 SC1','8RDO766T7VQBI 8Q2 MUG8C9AHFFE0WFEC0H7GAU2J4AATNKXTKS2N6W1CPJE7ACVR1R6U5RW0UG2NUN2M1UE3GEIX4KXXFU7H5IB1OX2K59XOHBTS30IIQC8XQFH2 1FTSTN5259BY4QEEETHHDH1QV4UC3FQVJXT Q5FLTM6WIBJHA6OL276BLI CI1B4IHCFERIOUNR6XF7VWF4F7JMIP3DTRJJXLC0I 79YNAKQXQNUOGAPY8FIW2UIUYCM'),(27,'SM CD7PIMOU5CO2','4N9NTC17M1DO87X','F',1,'9IKUEXDY67TKLCAC78 FS6RKG2GYC7VLDCMOGR0ISBVF15XJKRHBJ8P3QORJ 6V59IBL62VBR F4V4CO8QEK7KO01BC9BYTT20W7SAWWV5XJMQBNY9PI XNSCHY6BV X501MEJ0M4XD0Q4O5PKYYTPLQUUTSQVPO3W1BTL7TVIA7B3CVR231E1H5Y7Q04LF6V4N5MTIORCP8A25CQBPD8ND6IK06TBIGNB8F9BXCNY8ME713E3WYMXBWI2HYWYF','OQDVK66TW7I4K5TIMNBXADOQLKGBDOTR 4WQXL5Q3ELKSN6222IETC FSLMVCUGGWA44U5C11TPWK3T5XG ABRRHXS33ILLMIA8R98UQV9NXIU2YOOGSE3TM3ANUOVVPNSECFF89H88HLCS7K9K2X J 2X6TWOCL 6UGTEOINUC8 6EYLD4326S3G5INJ7QJVEVL90TOSVUQ76SPMTUU9N1YM1KW8T68K5P3UATH8SNI08FB64J58H7WRFA V1F'),(28,'2RCL0IUICKL5RSS','JO8VWUKBDVPI6R9','F',1,'JNFMQT55AQDB FJHD4PU4 8XCT69VPWTUTE7R6HY PNFT2K8W3VU 4V8HKQDW1Y84AT9WWYWO5X5T5GMGPNJ7BKFIPSBJ50KTY9DMREOPBQ8  OMKUO6LKL0CWGYJ0D2ENK9WYGIGDTLS6FTP7Y0DA02TR69507OE2TUC4MFBD8BDVREEIQJEBMEUTME8YEXCTG6 81 QADL8IEB6AKE0T2FEISM4 L2TF4HHPRG30UUK1Y3O19E3FO9F5YFPQ9','9DNO440HA2A1RBC2VUQEHSKPNTA1FPU JJGXJ7IO1Y6TVXOXO 72BHBLNKO42DA MMOLLKJ3I83XFUKRIXGOCIO8540HHWNEMJQOLIJQ42TFKPDQ8BTKW262QSE DD0F5MUTY58OP U K S3A8DOBAPVMET3IRMFEN080MK7P0HWP6PBK40M17CGG5X0N02X1SYY6XUS3JV69LCYKTDOHSKVGK8IMV8MAKAJYXL CBTGKI8T8MXR4V18EPY2B29'),(29,'S3F CTEYOOIS2 J','TYG6WW6N R99EOS','F',1,'DPRPEKAS5PL 5V08MPYFWPYJMV4LH84GHKX7C5XBTY03SD5NYMT8OT0O0D80Q5A7N7RMRUKJABDB BTC2B 8L3MXGGLVC98IH5Y4BUYJFGY3ULE9CTK9FG8C4RFN RMO6X46VW69R201NOR5V8MG5FNQV1W6GDGUO6RIF7RDHVL4RL5IDM45S 2M7Y2JSE8XGFA75KNCEKQJTV7M74X2LN5FACU35MSKRE JCA4G1 CTHK0LDWR5 JX9XY6ITDE','LDH1H9VN0LREG32YLSH9NS46KFMTNXGGM7IRCBDMA6LVPEUGRT3J AQKGHWEMANUDMHBP6NRQJ38515WIYT9FUYOFR5YYGI1R57K2G0CKDLIPD0FL6W0LVTQ0YOR757LD9CP5E5JM9F5HEW0GIGM9BPRDPRB0JETEJJ8TN79FYQRRJLC32K6CNHJDOJF9E4USL9V1IO764OBXTE 9X63WWCOIO26XXUL0 WNYPITPJ71KSX7B7408LWI EAX6 E'),(30,'JUE KEG3K1CSR61','9ORIL4COV6EI441','F',1,'FGX8KS5CXLBOJJGKI4LLN7ISIO20AO R5IM50LWK7YJ4FOTJ9FI58HD0M5HNBTUJMCWP91VO 8 7IJ9NBI1V59YCQI5EGM44J2JTO3D56SO 3F0J47W VINS3FJ2HVN66A44ROWKBGJ2HMKXOUHHV26IFTY298LJ8XYVYLBMDE7R19PQJ20WLPHU15ELOCD82F5YSKRAX82 7FG0PYIHL3T9R7PEMQODFJLYS6LK2 FED280T0R5GSREV6IW2TH','9X0T3C879EY7S2D2 YPAY7R2RTHCQ3ILUBNWONMRDH4BTSOU5AKQJGOTSIWMLBA8T7U2L0QO2SQR42840Q6CDHAOE 5LQSBYTV29FX5AMPWBJN AR2M2VI38WLJN6HX KG0H8ECKDI2YERPCMW91V6ETOKMCLSB5R3Q PRH4OD TLWWXSRTJSLBD109C4GCY5QI2 RLAWCK4K3WEK251J5QJF KJHPRJK8XBRJFYIH5DAPRR86I4LPAKAG XV30'),(31,'V3TGXN6FHICXMJH','P9S8GMF242D2WD1','F',1,' RNCTBNOL52GNWFAJKDLLD99PVM0P M8FOYOG1QJDNBH93C8R4312BEQEH1 5U3X6B75 EU4FU35B3IJIBXNAXO8JUXDO5029VVHBWYUXDOWLTBDFJ4Y4 14H7TWHN8BYT W7L2WD3TOLX4WG9IT4WKLSYQOHVN9SN4Y466HIYUROPB2R4CIPQ8RFN97DV6DN5CND4DNC3MWY2DUVWJQ286MJ JFOES M6AD0FQE9TH6ALQ1ILHK5QG5KV6MNXH','E8N47E 0ENMBOYSAW3FY1HNAQAKDWUHM0KH7C50JEL2U6 H5NVE8R 65AUIOBEICBFBUD VK6INSYNRCQUHEGQ4AFJ5D5VJWIAU33IW6J87V2 UQRCU PENIUJA6LU DNBU2QI0035MQW8BK5CTH9WE32MVO44R8KD1MPXMY8GSX1QFL4INA87KOC8TCJNBDSX9OPVQE3UNUF UVN5NP JWDPH1KWHM2Q4BXRKS4MT6V8NVVH96W46NM14JNHV7'),(32,'OP1W3QXBN12U0K2','7J94MVABJA27MG9','F',1,'C2YKHXRBCB1XNQSJUE80XS5IO3K4F6X03G23 P8FVQOLX2G20YROQDXP52AA4KJFFYG4R8O77M9FU30X5L9 17PI89F85QHY3K9KB82Q5QSK5XI6FYWM1YU0PHLFG3O4PNRVL957I2GQ CPTY20SD0CFAXKUDWNHTRC1VL7TWYM6V  0P458 LX J28YN6NOVUMJWBBSVYSNS8DSMOX9DMWW1LOSGOKB91BGSA3FWYJG2BLDHK6MCV9H4J5YB0V','36XTSEE1B57 TGPR EK3T5A8BYRTK341UL915QSS 3QRC6 58I08J20T2SPWJLIRD4HOROAEJUWE84B884Y6 7K6M076D0JDKKK5Q6AY0VJHUM2 8KE30GPEV8PKM0HF5XMCJ TL5XP7WOCEGMKNREQOKCTH708FQKXQ3LLHQ1LAJ5VK 6S1WGQ6EG9XHACYW2V9RCXUFHJXBN1JTJK0FUC402 E6T0M2B3G7BUVSV0X5LWGV6KVRIXQWW1XGF5'),(33,'473UJ26L9DD0VBW','CAXJU752VB2BRDI','F',1,'D8MYYSTQ7YGBMXSKIHXPSQ2YGBH4LMP94S1UGVJA6AKEXQJ22HIUGQYDUJIUE3YOSU49WD5 JFVLDYF2OQ2KH1JKAL9 VIFBX24KKV0W6PC0QLM3XNN5EC6QB2 4MCUD7NTV92FE75FNDQB0M7NLFA4GM8BLV7SCG993IML7X5Y6DEKWNVVPEKHH1SBIINQXQ50XI8M7PR75GO953OK2TWBXJ1FS394745YT3OHM5ITU0RBF83B0V3M6AQH4SR8','O5 2JDBYL93V9GQ3LJE4F5 XKN9FO2745 5XA5LTP6QOTDFN4YMF2LL18WX9SCQFQI6K02CTXBY0 3 AT2BQQ2JS53KL8ETVTVVK9O1Q1JE7VIP83Q2GB683OE06XO6DWOM89N2O193H7PU0LFWTDL28CGIJFPJ3P52QVLO20FGQEOIH326V3Y8PUIN202HI2 CYL84I7ICQIHSQI3RDBYWB0AJVJAIE F MN8H01H0 A8L6WKVYKC46U1KTK10'),(34,'3V7HXUM2O0P6Q2O',' URGW8DJOPJ70SC','F',1,'17VRI89LD1WV72AU39O0K4QU958W6UIRC9OEMDP0AGF9QJEO32R7O3323053DYTJR833RNY7E6R8LWFX1G3PV8THCGMQYWTNYBR86MMLHW0O9TMA5VJ66NY8 YGMPENXS9PWQW7XMVOBY01PUCB6BDIN1JWB76CG7CF 023AWVQMH8PDQE3 OK9FSPJ7L WKECP76RLYN7GTC9JSI4XNAE1JMKGFNM5YOKV 3P IDOL OWCT21A2U2G72P2XWXW','JIW75HI143T496EFF2O7EB G5YYGGNWYNTYY6WW0SY168QVU47KHS KSWT5ORSUHN30QP K4AIJNCL5W0FOBOGRERTVOOY0F4VRYSVIL949VUCPB2DK9P3QV4VIHJIMFARN9N44D B3H33FQSJR4OP5M2 EBRA8 1C5NOXAABJTENHMFDMM0JS1SE5SR RVBWALCCX6VWB3R6P0LQ9EBE7SBHETN VYG378VDCGHY8J3JHO2D3CPIHAYESI1N2A'),(35,'VL4DYI6R25U3HVP','YM 8JEBCBRY3EEW','F',1,'QLV25ASF87NS7O04Q4GNMGX81DC8RNMXAXMR1HQIA99ECKXPM2MIV325E419OB6VN6Y6V PY63LUC1RGA2GV9FO7XW9S0UCWIGK8X 9BHB03HEWJEFAYD14GJYHKUHV9F8EG IK6MT5NJQB7GRLI4DH18VEUJ518Y8JV8DJ7 RPJKVOP V2VWKE3RESG NV1HH8154P1SMMC5IBBA HTGNASUONPEG 0C8T2S49C93V6716FPHTRXB5D522GEYP','DUAAYSKDKS3EXSSRAU WMA7VY5R68EJ2D47C1DA4GN2B240CG4K30131XQMA2QDX7XOL7Y6SLT2I6U365X735XFC3X5WVN35UH22IMB7OD0G7FV41HL 25XWC84  ALDPXHUXO1RV6IMXN9L8P4VO4FD1XWJQ1VPK2L2DPSCOYTI5JFG8CTWTM WV2ML9L5VMIRWMM5F13TOGGL6 XE99NR70H 7OXQ3JQ1HCJVYAV2OF 6QQQ83MJ4I TEE A6'),(36,'J989VU3J25PXQ0P','FR4W9HFTGYKKSXD','F',1,'HQ3NIEYWTOWEB8EXRHE3FDGS7J2W5EJ4TX2E7277Y28XGMVPGSJRXYUYRDIH 78Y4WUHG35TRB0P3SW3HB941FHH4IE DB1C5I0HYOKQOHJ485J36ERU6O0LNU4FJBG2RKE1YD0I5FBTBHPCVAJMD VAV9D 97PLSR6Y65SEOY8HE 05W4CD50B39I5YREU34PR9XE1CQRD2 9WGO0B7JUB9B9PTWPQANXU31VOXWI5L7CKVMVPA4 NPN3K80CW','X6RTAWE7S7D857N57D5X302D2ONV77OCFD422BBIGS6NI3RK6UJINP1GGXXQTO0Y5M1CV7R092S4DGIMHRJK2299G2GUFPW2MJ16EW7KQLT 0O24WU3FJTSSEDSVDNN302IRAJD919P6R1U0TCY39K044F84YOTKVLKWC799QGOEYQKF3RNAHULK1CVJKYA7EU558W6Y1WPV1T7N83HBG3GK3KMQMJ5TA2YMTHQVMSJKDA233RJ4INTQQY50JBT'),(37,'4H56 RU2C915IGK','P1BQ7XBAVDF0S3C','F',1,'XT5XCHGWJXYOA8ABQACO3OLOFACA7VE711 K6YTK1GVIXOV3NNAFCG3GH65MS4L5POEWT7R9QH0K2YSCTCQ68SKHUCEN3P9770XIUVSY AQ2DDEAT 2YQYGFK0SLQ1DVD0SXQUF5GY17EI6NKYCWRGGL13MP7WX7AHUVTAFXBDLAL8SRHHA555DS3EX9X87RJ OXCOOU25QLDP0G9I7VK36D GCK7DKM2WETJP9YOPFFYCU33S6BPN05CJ5 BVK','L4HEKXV 38DXSVU0SUW5F6UWPO1 TNLYF3Y5X 8URMBGLYXUOR96CN087PPI3TU0LDQ97G7CEF3F9HDK2LP9JDXY5UP415UV5  K1HNXX4GQIMW9 I0L UA X8WF2RNN29 HKX837HERFCU2B 0RYCKAS9BKYHYF8S6WCG5AXJ0EJEA3YQQ 7YTYYL59XX5FGG69AJC3QML4Q9XILSDWVIR I9QOLI8REFQJREC26CIVCA3IXH9THLSHFGKL EW'),(38,'PFAG0BGR8A4V30W','NSS4N7N6T36X61N','F',1,'QN7P9H2W1AN9L6M2B0IVB26EOHH7SIL TG8BYHTWAH7RQ 0BPSWJQF6I7BT8S9D70U HYMMW0986G8FAL2W6QBT0LPDYNP776B5C1 PKAIFJUX78K9I0 WUU4VQX EHXO625UUE5PS6XWBUTPIE94M8JKT3P69UX8IQ3WR6F6JKGIW0DEUY5N6043CDYNHY6Y7UFONON2X9AJIIPG 4Y ME6811CLGRBDUOHKNRP5YMKO8B45GK0F7TR 8AJ9YB','6JF2REE 70B XWY7KKK7EUF 1LLB1UUTC82T5PPCVC7 V6RBU0XQBY5O1XEX6LIMI09GXOH2H1LQW5UV4LB0QLEMXWG5GVG2P1PBEPR6300TJGARV5G3M0KURLVTLTKLUT688 9QSE7CPNWYIS6LDAQGHAYBR9GNQ4MKJFEVHQ0 P 3GBYKPSAJL0L6KGXDR506ATT7Q0PGV9JW8FAS23NFE5E3YM88FPR3S NCG3CQQJ43E S7WWQD1JWIILFK'),(39,'S5ICWWULEXJKKXQ','1FMDGYCHO328CAN','F',1,'XVF0XAWR801Y6TO6UF 0YS QS9SOBPP3ELRHN27LMUXN I 1EIH9IKMD6W12  OPF49UJOS1I0HNBCRQEDDBMP6FS71XRBIQ68UMC3YH18M8KD2J9Y IJLKCMMPW0QA3C36XW9BGXQ5C5M4VYOEUMM0P2 O877GR4ASL0WOLE0MLIYIC AGX511A6MFWTKOXBUX3HS8R72C8471PB1U1H F G54FAL W54LJ8HDYNAG6J3VUJIY62I7VYPT46XL','6MMVA EBRHU1D8TMMYY6QM1M87U7LIN9PGU3M77RLW60OHC7QYWVPU4G7BOSVEKTHSWYQ946MCQ7GQH2Q6I9BYA0D4 G69AP4 W8C85TG6R926WCI7C0SG6I3MV6W8MLSTTH72K0866HXWN9G1PHESQGBB8KFDSD7GBV3P APGTSFV BJ2NNGC5FI0PV7M41JIW5UW8B2L7T01G29334AB 5N1R2OTCQKYSTADHX2LNR65V9M9N79WXK91LPCQF'),(40,'O1MUXPSQHAUIB20','BXYL SAFDTVDWKM','F',1,'H7FCOXUQ QM0201HIIAAORY56W19JHT3UAXTQHD3Y8A3EUJRV1UBY2R U0RED0XPKHX4NP1GO8FY9P9H6Q K  0HDTMQKM2 O8H6P 1FJMMU3IOOM55SMCLB1S8UL9UKMAIN9IWSLODPC4GI0CLJNTLCK V0WQ17GWMUPIDED0W3JAJBLOEV 0HI8QO40PSQOL9PD0JDVS596O8K6YDLJHY0XTJRHTIADGMUQYQWQGY4TU2W3F449L 3XG45WMU','5TDTBB2GD4AF3CO8DJR8KUG6WYG8AU45I2G47BYDIEMAPCPMYC4MIOP8WKWK72YQL0H2B3DW0TQ70V6NBHU2N1IINWFQFMXMQ2NIFFBE23R3E4O1R79X1U77R7PS3FGR8HDFXHIXWU13PSG2MRWTAHY41HT UVQTHFDVOUH3QL8HCVON9BNCLPOT6R1NSOR2T0L55GJ9USAQ8V5G2VMFNR1E0WXBO BFO7DQ9RRDISEEUMLQID92M6JOBQCMPFX'),(41,'JFCWSRAUYCM26 J','223GN69GRL9U8JF','F',1,'996MDOC9KSCGK8 B92OHK5QQO9W2X2WTWLOA4HBX7G89LGBQVQFKLH2SU5SSECT4QVQ8FCOVR QMODWC0G062BXTLXVI9I0RAQJX2AJ1Q3WOOQRAEAHB8EHF77HD9H15IP1YOO4U1BFKBJ3C73L14O4V8EOJ4EPBQXTUT4VB YNI838OYHQFRFCWQO59FQVQOH07WGDWB2LR 1O3MTYM24SR417SP5NEJ4KOAWEO5KXJ261VICXQUM9A78TDDQA','RLRVIEFAYQJS419A2L66OWSUY6C34W4KC8MC78KUTULC0J5S0AL AAG3VTYS5AH83R WQ5ONKOHM32 69K0M4N7GNANNQT7N22G2WYQ1A6JSB4N12QS3IC025F2TQ1RPUS9AGOTYI3UXHF5L8T1FL24LIWLFYUPUCDB51M8U4X29D0OIUOHNITV9D39O2GU2X3677FCOF KXL6L2HWIV7UQTR7RSQ82UAW31EYT 6BB7QHC02X66NNDJ37E0E G'),(42,'4NUPPUXXMFL9KE5','ARKIUUUBEO1QLQD','F',1,'8FR23H6 PIX9RO909M6BMH8T2MLRO9IP706OR7NBXN76FG328947 SVPKH6CU3ESINEVP9KQQVQQ5 QHY91V1S4T7BJGH304W58KDND5GCDGKMDYMC6PWH5T9JMMC7RN11GKFE0XBS3ULWOI8RV1V1QRTAE8JHNL8FWPXS0V7OT7GHYPIHG1NT35O9TLC87OO3GK49D4V2LTK5 F06CU3A1VGXWXFSG19JYQKBOASPFTRY2Y33XGG2V5JCOBNR0','QCDSVXL0DIYAFEG92B36WOS87KO3CAV2PMH55FYYVP8PACGVFXR1 S4QORB9CQGHSCY3D17G6457OEWLXHFASAPANP6G555R0OKNNK82U7MFYSHQ0 DD3175K5598ATD6G2SGYFQA2IVQVCYT4UO01TXQK56E3 7U6ABIBTVNIT1Y47DD56JVH9R725LNOKIFY10SVU6UXF8S8CHF2R5BOT2SD4TC8521L7IK1KWNFEQP1J5JHXM959R4X1247Q'),(43,'4N7NRD7JBCJX49N','ECV4YBEWTK 7RCY','F',1,'259BFKSC77RL6AEJUGPDNEO96W26116VIMH1 LTMG9ANMN0R B5B60MMPTB6BTO1 1GP4UDNTB95EW KYYF24BD 3FJ5 LV AFE0X75FBB0A6GF5FLANUJGXWC52BN4X12M7Y9J3 J3UXHYP1MNK4P41LFRH13G3SLL17FMQQH314 XI9RLT3L8XJV2DBRIS1T0SYV2IC VPKOBTI2C ATABY40COBL93XNB1L8LL4E7I5TY5RB5QOIT2XLI26Q','53ASUHB4E786SWXBTUGH94 Y8EEYSS91J2KG1YQQXH1H AGK1OW6SL9BL29H8D DOLLKVKB2N261OBG9MFPNF  PRFW Q8U3W3G5I7MP3OQRCULGKE818D81EKAW4WO4UPUAY3DR5SIND ST8MIE81DNOE0OA3FSMF524MFU7OXN251GGXBU8LSG3LAUYU71RYFOULS6XG0SK1L3E0XJ2X3WLK2WRJ9A4UD7W0OFGWJ4 MQWQ7GOG72YILWH9Q1'),(44,'J2BLO8K84CNONGM','OMJHTUQCES9TD D','F',1,'PMCPJTR63JS632UO0I81HEUKSLIEJYW1TMX1N5NVC3D8IM H8SH 2LKRT005CT064D93PDOTWEPR3U 1XHMS8BIHJM0SAVK11XHPFNJ7JDDCHVO8LKYWY0TO8UQWVY8W 8 W MOU2T8LYALOMY0WQGB18VP82DFPF3IT59D6BFFE712OIGNIJTNUXVOOFRD1UB T7XOC7SEPLJ73SRYO PA0OXQB 744SKOD ID5NGTOWJXI0IDG36F7X 7DB8E','0279N7V68VT42QKTMLJSJWVMFW1TVC PIP6CNDR926IJYWRD8JWN64KD1MCRYL0UEPU367O97BFV7MG8IG9Y4CDE0IY28H7VFU IJ3LF6V5NH34B2U92OYFH8EU2WSNP E572ET54S22IKFO0OBW676N0EQS44RJW1LJ2CXYNG9YY2FHYAN4YAAY945W706LLRHEW1RJXNOTMLF32F80FATPDJFQCUUD01NH1JHRLK0SA2 228UI 7 CD0M9W1Y'),(45,'07K6SQGEFF9A50R','6X JRFK6UX2G928','F',1,'045FPPB1GIJORHQ7TYT403L2TNP 1KCDU9GDS5GC2PSNJSP270EXHGW1V51PSMEUH6BKGY4 XJ21R38RP6CN4IHBW9100I6XIK6Y1HO5P9P2W0PBBO61 F 3HFMDH8T6E9K27Q51XG7HWX6UY2IDG7RM6CVVCK89GG9 4N6Y216M60DKG47EDKS6C2 253YTYM47BT25J5HBG8LKH 8J02P2BUE0V55J3G9WQOT0J62VWDW4O OM 1VNC9LCVXO','ASG1R2SH4G3XKL15SKWPU JX8BI JN5IFAI48RQ6SKYM7X29V5MK9YBD63S3YU4A2CO6NWGKP1HC3YXEEN5MMKTLOHNM0NPRW2WN YOHK1D48TAQ9J6TAXY84J3MOE8A1ES00PECGJ02K00VR466JHRGA2V8TN4S1YLSH5Q0X8FBX950OG7OLVDWFQBM9C0OT77H1OYYTNC21MWT3D EI37S4XHXNMMXQD7O9UG6I43HLCKKMHWEADQVEV0FNWW'),(46,'GVTV5Y4NWF0IOFQ','X0FJ445XKH9982M','F',1,'RBIXA 7UTSEQ94F7NNYQBW6QLWAUNNTF48DQWL11Q6YNGS4W16T 4564Y32ATIBISGJYDXF6R7COI0IKK6MDWJNBX48PFWOPCIRGH3CN3PHADBAA7 O508CEK4RIJYVA6IW07CB6O1CT8CPKQJBJ3KIVOSN0HUEXF8T8S2B 7CWIKWJBNHWO11YLXKVEU1BS15EPUVYM7B8J504TB3WK3A UOJHSJ17BPDKW6FA2XDC0YTASTAP3P2FB3EK8RL7','633X69DON1VXYTVVTJ2VEYG7NM1IUISY9U9D C13D69SSRW5OUUJJARNFD94WE087LKO5LHEO27LS9 UKBHIT4YBSGD8I9CHNNE46VFT35L2 IXQ9SM8248X E1ANJKFJILB9NIGK2RD6ALMTDEMYNS1GWD50CJT3SIDG3JC7LL1 1T3N7FWUPW42V121J67R74RK39FHOK1RXJOBOWT XVLUA7O2HE2CRVD53HJ2ELQPONVR9LECN Q7CN33C4'),(47,'1FN79N9 YGSKUYW','GJ2G W9MP82BYIU','F',1,'J7A5S RHWYID4F676U7A9YN3O7MWIQBIJMBOX8MQJ77RLM0MN9YFCD7N4RCL9U91B5TFO56TY346 32CAP41T5 JLDP33QIPG7SMJEQ1OBG7UC KSAF8KYA46X5EHF7BQQM9PMJUD0W5FYFS0TYY2HB24WI7F0F027652JQ3W G5MHTRYG9VKE6CWC11OL36KMMW2VEV8GK2YKNHR08GUIU41QE6L92HFKNUXDHHJ84NNT59QR8 EK8YA6NQ774','32HNCXDMPJRHXXQ4BYT6W2ER0XI8I9SLD2PT89 HVYMFHLWB 00X0K4JLOOGRIGNHMTID0W216YGLCKRUPFNV4RCUCK5XU84XLH8PQKBJCKB7PHBGQAMPDPANC5HR9EJBEP7O2AHV4OKU5D8I9D1CX8Q5NVFOT3QE0UGKQC2SQXKQ8TXT QRCJJCLOLPRJCS4UQS5DVV2WCFTKA5E5WIVUP3FHJTOK35J MQ QW1QWF1MR8YFKUQRNS65KD2T18'),(48,'QDOFQ81QLANEVRW','YLUY484OCSBS6Q5','F',1,'U3294FUVN4NDBJXLQDL GEC7LI89J7MWJ2RVO24A9GK C5M3QBUNPMRG5R227XP122QD7Y2HJ4E0QOMOFBFRCKMNY8AD7DR 8 P07VJ YX1YAXP99BR9PAVANA4VO7054SUGYBGABSXPMDOQYETJ MFT4FANMQUS1OVQGBTUNT3J35DTHV2D4Y9MLC06TXK5O01CLOKWB816U2N653KXUDCXIT3DTDJBY765YSPPWGSPTKECINUSMNRXOUUJWE7','FXX5Q8LFVXI 4CGYO6HVOHPN3K 5I92JMNQAVOQA1Y2A3TBNU6SPF7U5OJCC0MVMY82J3T0AHAG08L3HD0UHQPV0 2ST79O4XF P3R82EJ18JTGFFGIT9IOTBFYUJ7RHC372DBB9AIRFUC8HEH9LBN76DW0453D397WB7Y5BW22IQM7G27074YBH00QQ28UA3 TGNQQOBDXPKS64DTBFLT14HGB61LI9EQ6 IE1LVLVSHO23NQ5FFCCC71LCMTS'),(49,'9P CVB3GKDSFWHC','6TYGF3UMQPIP8VV','F',1,'WL 7IN3GTEVL08XXPE JIRMIOQM3FTCQJIL94GIQYGM44ISTRX4WCIINCO2CR4 0A3WVUGYCXCMCHREP8T0FOV6JRGWLN7  JISSUEBSI27MBQPVK7LDYVVI5J290I89PRDTSHB8HJYIAKH941762VPKT9SYBXD48U2 WAEHNIONMTBHE8CFJOKB5VJFKQWGKKJGXTV VPKV2IJSULVWDH32GI3L9K0W6OTK6HRW2R16Y 72 UWG5WQS59KIGKO','ONVGRSTOB4WGSH5QX309MMBFC8CWAUWQJKFMXC99EM7JJPC6KW501DB1A3SSYHH1H0YEUQEWX KO9MVKL 4EC8BC1DRX3W6MV70B6ECFM803LJXIEHNHGSWXSJYM272F39G3322D8DU4N8JBBJPKS1C7V29BUS04I8DJAX7VJBNB7VFWS4K2ACQ2KAXMVJOYL38PYK9QDU9BE 6VA4SLHJY86HG85QITTNPPU0IFKNU 2L3IAD7VCSOX4RM471R'),(50,'MA48YVRJR3F 8D2','R7SBJ1YL2PF6CPO','F',1,'TPLJL300SP9LC9AJJEY00I3O FWRGL3MJRQRGJRLJ2YJN7O6JCEKCCBNUJ18OGQO4EMHS0DQBDS26M44BTWA7LGQ5XGHJ4J73D5A1AQWWGJ4DI1D7VDP8LMN39FY5NPWO58N CC WS0IXWD8GBQ9AVLFPTAXV60UYTSYO759PI01V3MIXLXCN2LLOLDKA2OGR5UJG5PGFGGAGHTDDR06Q1E1K821DSHNOJDLYK2O108WAMIFAK XAQC3QYSCB S','V557S0DNQ4QNHJLQ6DGKHP8X4XRPUAJAAQ34GHTTSARBG3CO8014K2KOO495UT9POB8X6X0JNSILAXJGB849N7EB264YIUTFQ0E94 DVCTPI6U2MYJKM2BG4P1KNMAWP0MJQTFTAP550IQD4K0ARFQVTTFVLB4N7PLJU15TO9CMW1QFBBG84O0EFDMD3VJT V0BYTADCFGY R3Q 39C00R9I4LGC0UNIENXEI1X BC0WY69BOILRWT8XMYFHLK '),(51,'7TWNGWC8D4FSFI6','0NE5BY6W5V8CUHF','F',1,'RDRC7BUCTG0X1K0FKOJ4YAG1KSCAB486RWVXQ4W8ABJFPNHMUXRIE96206U8JXMCNQ5PGYXUINB98M0MXDLIWA03Q6DTWCXG28TCLH7NKHI3WWHVL G12VQXFTVCJ72XWVK 210WU W PLXTVSBC836B4FVMGVY3EDN2OLRS GOEKG9Q33R5MT8Y3CCUBHO8YIUJ RSHVFO70XITWARJ3FSCW7WJMQ6IEAHP9SIXQI8QH1Q76VX2E2R1ENKRP2K','R58NRH3M9GWFL6VNRLDGUGKFEU8UHYD27RP0WADTNQAT0LIO90G0F0BYICPMRRW9KFKO7L65CPPPX9YCP0FX 7ESRQTS 4H32OII56KOFECXBMAN9G137A64LV7MRJW8SMFDJV5XQID2D733TS4A SJN88L7XNJVJ230GQ2PXD0SMQII25J6JATGR0QLN8CJWHF08 WBF IIV074JC6CDK 0Y1DPE7O790AXHYXGE06N75DMITYB9KH6FTBDUOJ'),(52,'YWL2P35RQ40M5I0','HS5EG8SA5XAGWEM','F',1,'LOCIEVEMAJA226OV9L0I3I96JQ4XJVK6W4PLSV6GOXQN39RX0EDKR6GPYSJTV13PYQF0R6MQ6HEL1SPF7CQ35XGHQBSDUO3XETV XD4LRFTLW06MHV2M0UF4B8G36WL2SXIA8UQ4D9LX4VKPAQE7INA92O9 YJ9EL 18 T6GSVMGK4S03X D6YJJA44NR8F6628L08RSRASGFBKT7P7903EN3A35IF1SSN1TFTJBWW9UCR4HTPLGC7PCM7C6LBQ','76S4WOLA5CVO4KIUV4WBY687GSAWJXYME6YDTKSADXHB467VXX1BM 94KQMTAH9JJBCSGP598Q S1HI4A4BVFXBN4O5SX0YFDRQGU8DCO8439LA6BRU2BCM58HFD891N HHGWNC61PB81XL8TP936VPJFUQ0 9J5V8MXGO2X07M7L5LY0K 0SC38N6Y8SETBYIV29BR9QMU109NJIS03WXL87PNN8887JMK1YWQHRIAUAH9RBI1H1331WH2URND'),(53,'3M8CNDUO9CV0YM6','3XU8LBLICCQA55S','F',1,'NNV4SF2V 25RP219YCKT5WWO1N28ER5QMIQ0Q1TUPVBQRSUDLJCB8A X4FURNBAPDCPB7VC03GK8R 1 X4JC2EW9Y C2SP7Y3T636DNLXS6TD2LCGSJ55YW84T9BH5OLOJFQQG7HNX89C0XGE6K964N7TH7YMDRKM6OY4LUH9YUQK9U5L RH N5A KMR5L0J4I1MSSS1IXWL5TLYJY6VKTVC3O RAKD0 9H1AKPHR1BIC9SAEUTU3FO4FHLABN4','DNOSX9N 30CSAG2BO9JXUFOA6Q7HB2JDRMTPT AHHMGUDE5Q0TADHUA1IISE2CP6 BP00E4N1CFXJ830NH3736YW9UDYP6HPIARJADSVV4JD9VGLKVFD KKOA9R3T64CL7DDMAC9P 1P3P8Q8NL4PPCW79M01JC72OUV346UY 3QVPVGUGV0XRWX9FK49Y96IEERYB5AP5QKHB5KA DTIIAVAB27HPE 142XOVI4MLXL0LBL2 6LF7YMWKKBTKP'),(54,'6U85G8VE75VKR1S','4MJWUFC4GGV6F3W','F',1,'CWTP9RG8IG6QPUC4S8ICRGRN1TCHFDRD5X9VSDCXH1DYKCF2IFQ9SD5IG54GMERA96P37A7QKQXWVUH6SONR3362C0472LB03NFNS 05O0R6 EKBC5X2HIIVGL4Q6YR0LPKJVR PAPH1E 5ICF1XREYL0GMLFELU85XFQVM7D5JFJFWVLIATRHN2PK 39QOA268KSHPKHY6XXITSCTOWDC28WAC38N58MEVYEOATN8ER2U4PE51XJJUAEFJ6WRD','3NDCUEB MMSTL46TOLDUEX1BRVUA1T 8N3OQFHJ5D7Y0P840A4K0ACNFH028CA7LX9820FYQ4X8J7AY8M BU1MGHU0C9TXT2TPLYTQ50AUOCGGJ8UYKUDRRS0MMNUTUYPF2S3V4GTD70UQ0SM7 63N4XO0PDWXJNMSRJ552M5FFVT3RY7B2O12GI3Q50D6GR MITBUH9A9TSUDIVAB3R RUE0R8SRDG1U3 X 35CQILDFC7W8L2KWAQKPH4OL7M'),(55,'UXX 4STQD02BNJN',' 7H 5D052DL5ECU','F',1,'FXAMTVTLTR3X9470FX7A4MWDA9 IH95LWH 7EEOJ0ILHHQK0OPQ Q3CP7DR1AL3LNCKWRMY SOH11AA20FUPYNKGHR0IBAQXAU85P2B1W8YB2N58I2VNFPLTSJHUVNL5CLGXN 5W JDK2FJL7UCK6G5 P64LRMXVBHSR8HFUL56I10G9 BWQLUI7SFYR32LPJPYNNET46X2HBLOENADYJNPRF89XFH3DANW7EFN041TAN5H5YUQK9FD XXE6Q9O','R1QOBVFHY NPXHGA2OE2RYXUPSONANIQM135G1P0LV91CX3WP8GACQEXKEXM133VQ3VIK9O88J0LXYJBBTP3G4G015V8EWP5EJC5QPXF7D HTHB4E4BDLYS83AYKH4JFBIGJUWAH6JVQ0O7EVM052CC56W7P83V2MUR4QKPR9 2HG00T3N7C8Q3Y2TBSJF4 U8KE4RA6YHMU 8SJQ7 17S9B OOX6YXMX4QYOUB75I8 DCQ9 6495H6FIWBBVW0'),(56,'6F7 5WMAYWOJOUV','7OOUNONTYL9QS5C','F',1,'CI5QLF0710W2VLAUV0JAYK44 4S88GXBQO1 2JR35WH4U3JFOTKO8HKG4RHOR0 QHIR758JB1YYA 8B9MNK9L6OVXM3TVNCKX6 P7KLDI1 UTUFX58HIUH6BSN1NXHWDO3V4H57NN6QHKBUX2JQCKWWOGW9J2ALMPQ5LXCOFSJ 8BRIOFMB14JNNYN97AIEM6S4MB2DXLG KVYDGKQRAO6CWIA3VA8BOK1H26YOA0FHDVAHH2B365CT0PEB3K5C','B02PH9LY7 O SANFDUM1OE BS83QY08SJP8DWWNAUGU948YXAQ8C89AT5T93QN6XULF73CTGK 2XR872XKQVNCTHTDROCHVXBQR3O A1W7HREH9II INYQAAXPG1B 7EBAWB2SDIM2R2IP VIPI5YBG7YQS5280XGM1JHGB9TI3HDDBMPP5A7J61MKRCQ1AYN8WUW8GLVQ731K7642FC5L9LVHTFAS S3TPR254PD3EDB3MT50W1V7KH1U JEL2'),(57,'GL0PW010UW8EIBY','DWDPFGY5V1FAWAK','F',1,'OBVFQUTBBQP8AML2N7M711AWYTFK  WTA4TQN8RGFURLIEX3PW0PYY3F9HQS07GLW10DFMRBSV1HS8HAN9RDR03CF88MELE6W5L4VY8YMHRDTAYXOTFO9YEJ1T4QGOKCDHN4WQY3QD24EBD5P4IEI JR8WK2JE9K143RKX6EOA1SLK6VAUGIMXFEV9HUAC3589SO54I6K MQHV8SKLJEX2FSEOVKDJ450 IU C0L89OMFJSBG20LV88W1YI1PLT','FQTG5VRQNQNQ3E2PD8IPEYR7RYQTAS718H2W69GC44HNOOXW7NLME6MCM9NX4VXPIUACUU5 A3OE9NLTIVKQ4K8CCRRGSB55SM7LXKEDBF UFVPUC G94JMJ5 I65NFVN64AUCKGGIMOCXQOWLP5PJMJG3VOSJAPXCLSQ51J786CXG68KV38R329QP29WJ2RKKO9B0155 O3P1BSUHW1VPKWP0V4CB2EMSSN YO32QHXWDFUGLQWAXSV8RC3OKH'),(58,'L9 Y0JMBT7QB7WQ','V86FTEGCQPJ 0Y7','F',1,'A1GTGXPBLDA2L3M1D7XGW0SUEJL2RP74NRR9SYX PWO8HWPQWGVF66H61RWK9L8825 47KQFLK5L34LY3Y3GXHC9P3GG7ESFIA3TRW5YNIJYH0RGX5IUALMM5ILW9E27U 2NR7NA0IR VYAE337VSC34VNR1C4VFOLWUUUCIN1N6VJNE4L4P4P148SAVN6JDE8MIXEQ47751BG0FA EDETDACUOBOEWR7LDN5K028Q7 AMXWNC2XWYER1FE75PC','86G9PJQ0CVGV5X4GLP934AWDCWIY1PX2J1E9Q5Y DYWFPO8D69C4I6 PEHX9EX1KJTJYQJRCKFMT QUC3L41IMFQW6L1LN9YH1HTM60VUSGO8NNH5BY WF35X1N6C8SSWFCN37IAELT3HLETJ9PHA2VMT7QX OWKKTTROE76QPMJJDVBOBVJ2MNP741 RMUOK93SM7  MYBWYHTTBLDHDWCS18AGNDYF8WVSYQS43IWI6241EDP45BY9H7RSEWL'),(59,'3N ULHPV1CAITFD','CHVE 6PQBV3H A9','F',1,'WLHM8VB0G62UYOUWVVVX9921GFQYWEPJED9CWG1SFM7V HCMO45BGI5XKQ3PMVX156O04VRI 3S0K96URB Y15 IO2KN3TJX0M5LGQPNUNW57QDN15F SAOTX4CIJVWESKBGTISRPLUQSEL87ON5TPYUGTQHKF1K76WMLFJF3K0QOL8RW70MO27Q8GAB6PMQSXTLHI88FG0OJDAIQA 8BRHJ6KMBSN024J6CNJOT4ELKKLFQ3U893YGH3WK8905','Q9696ISPP92E6UBLRCYKGCVYAN9UAM6MXXAVELFMMQ9KS0B56OH139OFHKEHN8YNG4BE5E1ADBIRX TE099EW4EWFX6H19 AA5I7JU68RQSBOQ7E8K6A67GCF3M17LYMBMC63J4WK157K IBOD9XOKXTNSXTFU8UBFFSRYQVEJWVG9GB3OPYJ1JC6 F09EU3 QH0UCMOTWG8OVCK3RTO99P10WMERHGNX HB5P YAYEV V8DA94SUMF 3367C2F'),(60,'DLQIMCD5LNYD04U','T0XNJLAY3SIKADE','F',1,'8QG 4K IOD27703L2Y4BFQ831BQ57YW2BTRQAPEH0 A6EM8HQRLJK2VX5HVT2B8 73H40USP3LVYHP82QH4KD4 NTB1HV7Y1OK16HNCSLFIUQSNTURT9FJQXA82TQM4DNN7NLU8GC66 0I H4U8DV38P0B6DAQOC7E96S4JTD4D8WGO3PK9BJHI7J13GYMHMKCS28968S2XBKA  X68EYJGXMHS3SHB76JUIT22DXC3OVO6Q7JWM70WN38S6EHT','QSGTC9OIRWN947JEL5DFJXLGE176N0MC O2C1858XLNQ3CTF8ORM62GFL82518PUF3PXB0BNF27O8A39M6F733C7FCO5LC5BU U9ED0ORWYJK2F6D4CHKLSKR LPYN5COAXCJPD 6ODXAB74QYD3XNO46PAMV2CC0YAF6V10KYWUT6AWN4B PYB6V561B SGL 52 A 1GEWJOCV1O8T9MNDVPYJBECVNTFO2NWN22OLIIYLX1RJGIH037TJ3EMF'),(61,'V4W2W5BFW9L9MG6','HI118SD35HSDED ','F',1,'X5O21FBSEBMJ1DFG UKDUKS0QVYJUB72CWV6F1MNV9I6C7THU7UC8J237QA6CAT7LYM89VU7M0X8Q23SFVRPS6WI6EC9TDEXRDYGW0U9NVDF5G5PXKKY8GOI98CA29XJ5FCMI9GF88TYBE2HT1 Y50T7EP35PEE8EJUR 3MAXOVEQOTBUBE2U3NKTGW35UV5E71F3M7BLVLQNOG92IM ENOJX9NUJBFAC62JAL7WBQMC7F49SX0TQBCYK4OHV85','8F6N0PSQJE6C4YH4EVEM DMP0ECK2QUUMV4XRK51JRMQ NAEQVCR96IY9WUFQI7DVEPCGHP9WIEOOKIF288U9A5AIGR5CNKEXHUP0YD4W5791BHC7RYL2PMLFFBBGV2SH9BNLLIMJVRK9O4PQWDM1OL5ETSFU2DS1H1TR51ALIWIRLUH1SCGRI9LO8GUK7O3TNYN8LG0QICX97M0A7VL6RB261MW1HQQXU L3 O291 LRPY3EJUBI112P6NRU8S'),(62,'B3TK607 HTI7WSD','DM5OAVARQA4JU2Y','F',1,'2YMP9J5FIP PUMNN6TJ6ERB7 AJRUSLJJDNJY9JM0F58IM1TE3SWU4B1CC9738AQVVDE3XF8IHN0X7C63OQR0LX 78DTT25F941VBRFM8E2GX2PNU7KG6N1RN0WQ0Q1IKURPHHMV0SVCHHMWRGEXSAVXDTTAO95HAQN1KDGXG7JPS70ER58DD23QSQ 7474RLLM6R8RGRCCU5J8E920BN0Q9VY5FPL GA7KTBDSWRVHD1C1YF0IKKQAECN06 26','OW9LKXLR1M76I7DE1N5 SGPXDMXJNK8PTRMBLA0RFRWJ09KWPW62L YE5Y4C431HHL1O7KP MNREC5JA3P5CU2678MB84EC1U8CJ 8AWPDRY3B8XGPJME7 TAYOV3GKC81PK5YB4WHC7I7IF5 7GU1S34UVM482O1WQ8L98NJ7CXIA8OO7H8D614NPWNYP2LX7ESVTBQ65YOO30WSJ30U9 A0H7V XQWMX584AVUHJTS96GIAP4RS0U9FML2AY2'),(63,'10W47KXBBH7UMG2','B9OATVRQM3UPGET','F',1,'T9OLUVT4O8W8DB24G6LJJ76RR47FEOGJRYQY076BE 4RJPE84GF1SRGFDJDEHWU3HYSU03TNJ8G30CTUFQQREE37YXRW6HIJ9T8DLFFI1GSQDKJC9I9U34ATN74 KFU2O02QICPV8UP97Y0RX3AIJ9CI XUSNXBGRO06BAM9WFF9 FTL7JVYAES1XIYDCKLXWTCWJ06O50SF04PV5QOHSE9OT56XH4HB 638LHOPK5DCLIJ6CC DFDJBGTULQPY','8W0H3QD85TCRP 3IJP2L EC88I2YDK0WUOIDS03OW75IWVW30RWXTLBVCSDYJFAUWXQKXODYDFIPIFGJISMCLTIIECGVBEMV17AO39Y5Q8DOTW1A2 U3LJ07J2UA845VODTQ928B2MX9IFLRLUD2HWJ0R4AA74KU8J9EU5AHCXETRWPFX35NDUG200MKJOCRY4NTMCSUGRB92 MSSUCQS4TG3GW8 TKN2S4MTA4J6071D48ETD6RL8BETHA1OFX'),(64,'L9WJEW74M034EVI','3PCP2CW34Y31PTU','F',1,'4RUEO5QYBA DA0Y11S5NS60HQ579T7UXXMRPSXCWNE J8NH9S2  O207P6XPCJVWP4QVCD8L2 D1IB PQISFV580KEJ7REX38CTXI4JRSNJ0WU2QTNJI RXA8BPWRU66M4RWE6MLEUIN4FHDDNQULIH108T 14XEF1YW0R0VYPY6RI534KL 49JSM9UP4UOKMKF09ECTU97UCS4X851KY7SK77HBGW4XITWFXYF8X88X9BNGA0K9CT5YAR14GE1','WMKNDFEIKJQRPHH4Q P3YXIX3KR0GV4XKWYC37NR7S8J76QVWXMP3TKNSBN10RPT EI711O 6G0T8228T7V9UM9TYBXBO8T1GBP8GBIAAFRRNRX3 IP8XGQD1BOW92ITQSKHKQCDRAUIA5XVC9 51M7P UJ0I9XSYMUYH8JF8HA8RETJ8QAMOQ5U47WU34G8NFXR54L8O6R5RYINEXU8BP5A6FRLJ8KWRMU0JV40IDLIQK450MILBNW38FSKBHV'),(65,'DS3XVSPBL5DQ8YT','BJOD30Q6QOF9O9O','F',1,'196FDLHM145B42YPL405AT1E0U11PAM42DNUCKFV44TYH0 ADDNDWHU80A3QBCSVROSPQW7OCE099PQN98R7M5PIHK T815GGISM1IHB3U57NSNK1I8BOF7XUL8V 6MIG36B7MPPVCX F80IKX6JT8MOK6PMJYUC6MPQSX2G5NBWUGVMR1 UB 4O71H0H 8W05GXUHLTGFJFQ81OHEFD0FKIAS01U90RBNR3YT1ND878GT44PFFG8TMEDYX A86','9XJQVB7LBYH8FL953U074LX8O56GR9D5 W3KCY5KTQYA7DGY EVD2XV G798GX19UTU328E QV9TBOA0H1FB10WISXDM9EKJOEQO5U2UFMYH2U3OPR27Q RVRAXLI GWVTJAUFJ8RMDLU3EH9YVVX FA N5RKVCJAMRMDIGG4XL2 J26BDSVBY84OQ0FU3APDUQ 0JQXH0HLW99LL6IBPSQVHPBIPPIS1UIE2UMA9QQD16CQ9 I1XBT7N5KNNKL'),(66,'WIJSR1 1ER 5KCJ','XOG4B2EURFFE6EI','F',1,'DKOXMCTTH4RJ5M68P0TRHCY68R8UG4TLAQ9OOA1UA94667L5Q1FJ2XPGPFGPEY4W67T056U2I03X6RXO6JMRLE72D0FU0GDA4OBFYH K5O 3KHXS2KCV6VHBMN00AX2H4NP8CVPV 64UYPS19XL55K0UK50THQ8NV5 PP6QVI7WAAXC8D CS3WUT6XDV6GGFV 60VDGV2 RHRRXQSTOYXFKP64 M8SSQFHC7ULOLRG3CU1C6N6NMTVBG0HUGQOU',' VUKFEDYY BFYQXKCBMT XWKJS6C PYKFPIFL67N NEYUQJYMG2J1PSQ6BJEAFA2I56 Q5A7KTB14DPKJRVIG3YCVIBTQASNRNPXVGEHJDM5PAM4ASM66H66JVE8JS4G3UFGSWE7XCH36UI4F9GDW1CWF 4QQ32INI824Y503 J700M4P12C4KC3 NHT60CQVLLR8QJGOLY6DH8G84LR4G2A0RVCD1TYH6GVA JXLOI18JOGDPTPWVHUJGAMRB9'),(67,'R5PP6HADVDHO 5V','XLL E771SPKG3LG','F',1,'T9CH LB561ASDLNO9DH  QBQ8YA1GSKIVQRMO6KHJ93BLVBV3A13K3OG9JHPENF8SL6CSSNKWOIFUR10V LIN GTQS430SKT TV4BTNCLMSQK7FE1EI7G13MFG2XJRJWWAEHQ2HIYDC RE Y0CJDO7XD79F0PJNQ1UL72PQBB112X2V8CMLBNWX6YSMBTJ07V7K6TCVQ4RV25A4HJW0I6YXTLLD0QIJX YPG413DRF870IJM6P9MKJKP12ODRNW','J3DBXX6FTDNWRB4 NFRIHXUM3LM 4VD4ABM91GOI6L44RI30LXMG52LUE I6H K9K GVT EKQIIWCBBNK2JA18GXEAS28VSB MJIJUFGDUQMMIXTV31MDSQ96EUS1OTCL493JB93FSK9TNAOENHSKX FERS8NILJ2WU96LKMSXIJ7C0IKRXRXS1273IUTCGBKOACURDBV7XQ0 3R9W84XF239LSSA2 4RLC8XSWLN1UUKWP0YX45XSGGTV1WXG0'),(68,'VH13OOBPI52NMME','DJE3KJSRAGAFFG ','F',1,'K5MNIV10H2FBE3H5PT8RM0FW0EONIK8DKKKDS6JP4I260JU08Y62K6STS6AVJHV9B5VEVL5XUWA2HO47HYLXOZRBIUSQJFG17XTAKYIW41YJC8A6AL9CECRDLI2U4S7DGIMDXBUA8D02C7QU6E 4GERB7Y2M92TD18NYCTU68 D2KMHHKHL0UDAY9LQE3WIIP28AGST1YM2VCS1SLNXPTPBFHJ4F454P0MQE6RIQ0Q2N91GV6CXQ WGCEI7X3RY','AIF7IE 0DX3IEJLF3RJ633O7MCMQS8BM3WDEADUMHIPKBEK48TI5QQS69EJF41 ITOQE7A XSGC QUD4W3IR7TW83GS8V98227RSQWJT XUHVJFH2SB1O3 YP 8RE2RKBGP3O05JKO4M69NQLPOVKHE9H2RKDUQPP3UN4O1QS73XGXIP1CD6L54KLHC4O3WJ9GJSE2XHPKPQRMYPSTANR9OK OXQHHGLPG2P7H395JXEELJH0Y9YCA2ICPHOBU9'),(69,'W3JIWAUOAXJW78C','GGDOA9CR6Q7I6FK','F',1,'O026808QN 3U792LK2D967L321RWA68TMMO827E5LJC2 UYNO5F5Y8AU5SRS729QIH5PWSAX2P7XC3MDUBKXY5VMBH0LHD63NXTRD27AL52IC6MF3RGRQD7YD6PWK2KDR1ON2LN147 XUOK5TGEYVNDVFMPEV97N0OENEAAG04NBODAAV5ERQYLX1ELOLFYHVIA0S9WC1TGVJDR8HD4HNM976WHHYBVYCWC4HXG4C2DS323UBGUHU6YD879I0W5',' 92F9JQMXJLV0AWNN91VK4XGD0W7YJU5HJAK1 MHLJLAK8G98F5HGTJVBDAX6FH0Y96MGNGF8 2QMRUW8RFLRHHA3MHS95QMAXIE6R IV2QB5CSJ2ERUV7URR3S69K7GCAAAB8JUF8GOG8R5YP6CLTBG4CM QE40UEL9DU7LR9A 9JTR4EVS4Y9H1BNOL2FVELPP82NWL4DYQ2OEOF6E31Q154K67TMJLH1M888 L52SDFQ7L2MXI8ED47C0BM0'),(70,' IQ46L81V3AH2HP','UR92FA6FP4BU446','F',1,'HYNB7YNXRGKDUEJFE1OT5NEQ35J8NYKWK1EMVJK1HNMF  OF4OIQE DRQK0MVW HC0QH3NCAF5VM6OUQW5P0J18 3WHWMJ0OXQCYY7CW7BD74KRB4PS64EGDHEC9L90PVTM5II2MVDRCF6DOGB UJYKFO7KXBLGC3MN5L36PTAEBL5RU4U6N7WB7S4T68F V0E242PH VTAD1K4DMSW9DOL9BTFBQWG5B3B8NIYSBH2U3OUE KBC61HP8QDN3GS','TWIQIN70G017WQQ6Y6NO6OTLRQCMQYTDRRP7U59QSK FPK7292O01I23RDTWIBD44IRDILPK5ATRQPSDW5BVB6OWRCCSQI1F046T0PND 18CYFW5YGO3PTLFP3S51QJDGOQM90U6NX4STTLIFC22C9D6EE2EJYA2CQAFKQQYHDI91QLI6EYOQ8ANKCBFRVANKYTFPYCPL2LEXR8D IWET48DV7SOM2A9UEKBRJGH5YQF0CK9KTP7X7TXUMW4ESK'),(71,'KADFXEKH11L NC8','IB78ODJVBALCL6R','F',1,'56J9ITDW3ETYIIQ X0B2TI 355177XQLEYY465WCMEY3JIR1UUPTA1G4JW4XHGBEKLA0H8L8WA7PVN1BV02L28XDXT3TG4SSB8749NTV1 0N XROQIRGERLA12M8DHPAHNTC14P 9X7QVFY6ESM54ANROFQA34LL30NC0DDI061G99K8XVV9QL5TU5WW7MTSA5OM 4UNU862KJGJKB57DF0UP0YQWNQ4DC5FG50XH6NNSGD0O5G2WK5IKD580WK','10 RH9ALIVC8BA0LWJE97213 9EN82982KG1YMDEM21XTD0TQXTMM5G6CPBK4Q8DPE6JYYYGVCUA9O2MKHAYX65CRMUVGCSPUW6BJB4PI8FL510S46AY9YUKTJKY9YWI5GHQXACYHACC4Q2XWX9LYUSGQ10JR6 STJXDH KSA24EXPVFXOK5GPJHEQMIB6W9UOA5R31I582TKCEG0HD5D03WD8P6HMVJRCA9FQHBYFJ14K4 IDVGGNWQT8I1XPH'),(72,'02GKVY 7DATBIDC','73XGEO0LLU6TR2X','F',1,'J4QDQF5TW4 XAPWBIS0WX3GNWXECYK 2HTQ 9NOI6BELWA2F3T08 J12IJ9VJP9KPJTNM8MH7GDTG7S6WQPFPEYKKM2DY1NQ7KFB91NWQH42S67EPIGOLJ1W4EG4MQVGJLRKPTR23UOHSTQ3RICY4LF OIU2VU1TQQUOG97H2CWTCL1DWK9SW8HTCWHU6CH1DEGI2WIR07DIF 6KHSWFGXWOP1BO 4SHKJ5M58HPR0HO0AC4FUPQE6OWXP6JRYW','Y  RMP91BB32X63KJST4RP428DPKJCVJO5Q68P75FL7S2URLWLS73BR9A2UG7DOTB3LW143MGXPR25TK19TI VYRKIAKV98N2GY0ULBRRI6IKHFCOVV71PW8FYP2FM1O6QHT46WJPHIQQKGEJD9OFLKX8F46AFE8XD3SQBSLPWSA7MMXFOLGUNQTGXTDE2GCMQ0G7WL56OF699FO6KO6JIYHIEA79C0KK1QNH7R6MP5LMF46MSOP83K7VLFGVGS'),(73,'MMYV 9JYSVE0IJD','QXR5T375JB1AQCL','F',1,'HR2UKGI0WG8QO4OXBD25KX3M058D526 UVV1PY7HFCBJ LETFDRTNEB11C2 PU1FHPP86HWTPUXSTT0T5PT8 S1FQ1UHKL6BU82F6L2ULRW6ED0JYAT 1U6EFI0NQM2LE9LTHB  VQFJH7R7BXKSURC8IVEDQJWTNL9PD0PFIGVUCPCQQB6KY5 VB81QMHO82VCKNJ0WCD 8UNPPS22DF1B CJAY X7RAOE2N3JVCYP1A8HD0PWFVUBR0NREXR1','2AV236YWF5AT3H SM9V9OHUJLRGVD3733BW8XLKBVU4WK0P6XO67A9FORNK58SHB GLGA1DBVUYWRAI76JCC6DHBTH5K4U8U1XHGHTOAI65XDG7WHRQOO2EG4CW5BUTR6EVHU62SF7TW4MSJHOLU6JV7LVEK0CVCSXVIQ7CIROW9RQIEC3V30VYTN1X4HQD3RXD5L PB7S372P02R4EEO1UQ87LT1FIJMB PTGI705VIWC47YCOCJY6KU68A0MS'),(74,' MJ14FM7LHYHCWD','0YLVAEF1VHU746E','F',1,'E4Q4WWUEMTJD6CKXFQ91JPB76ABDJCI9SV1GHOOI2WXQRLVHKW8OK8NNFPHTCMV6ASGKPP08GOOHB82 3LVDY02XJ5RQJ3ECV5F7M7ITDLQ7LBD0EPTOF6MA26KW355TGHOLL6HICD6UPMO7VERK3JY1INMMC0TTTL KJBXJS1819OH7S5LMISDE7QPQ3LRGQLBGM7IA U9U6W0QANE0MBVRGVRKHO YSTT5I4I18ETVUE2HGYDARC1GEQX13R7','1IQ325GUAKECAYJ8I5FM1KNLAWJBUY74E37HNE3GHDD77DNA40XD3KK2OOUG882YM7OE4E6POE3TRG5VE5QW0JQXHLP UF6TOAWUV9M7BNO8VL9BHGFNMB4JSLK1M2DBUNAQ7EF45 RMGBHLVL85NWUU4EFQDUPNVDX59GS3D2R49LE4I02XQM49EI09VSCJW9J46G3DO9OX1ISUQYHKE4GSWAMTR8M6GXIQXLRP0S68DKJBBEQM58DXCQAMLR1'),(75,'XXRFG445D0AMIT5','W3T558Q1FKY5KW0','F',1,'G0RMOHELQY9QNXLM6HKWUT2D3B8AXC8BVWQ2UQJVOFBNO4RQE5J9LK9YMECBQ0HIOA CNRGKYX6LBHLE6HE6U0IU1JBVQQWGMC6LUFQ8AMLJ  E1HW9NWJ0MSLS8CFW4UPTNAJ9IV1504IP9S5YC4D81UT7C2Y5R5C6 TT48H66C7WCS4G5IUO01SWRSC2NLTOAOAURFFFQEQUGJ0FA4HIEMMXITQFN6NHYJN6V7IJSRAYFKJ2KSHUP3YD79SMP','JF8K59KOK6W7NLTFKDAB3B1I1G55WUG U1FN7DGDRUC0NRAYGAK99SR68TI5FCB5AKXT0YQKO0A2K8M7Q P6RKG7GBLFTV0S5FPC4K RY 79YKIKPRWUGF10WQH0FN4IRW2LN6J4AWTNYODYOYJ8OJALRMIY4DYOFAL485KIEV5F5YE22PCHBIQMALELB2L7JN4L 9XF2UH Q4K474AUT9NFQ00CX7YQH1SVNOD12RESECO3I7OR476YE9MTEMM'),(76,'YN489SIDUBNI313','SCCOPQS0NP7TWM8','F',1,'RA R8X8HXGXKEQXABKBPFBQG1JRF  U3 VOG V9ACS6 L4TDQPV8KIP92V7NI2K01WHQLPEE1ODHW6TV0A5KG076PYNWWPCMMCL4MUN2JTTATK5AQTUWS  ATHDL7UKV6A6FW9EA1URY1IF 3UIOE54IW4JDQ 3HSR9SAEHVFHEAERP30 OOAQ5I4LB7W27 4VTLWA4D5FQCXJGH1TRWLI0TDONA8OINKSOIYHY7FHRIPOIVC01OOS0N23H4HV2','0DY318L34N8AEWXUS6Y0E2UI3L8OGD6RT2NS Y7FL5 3TD44DMDU6L5D K3DC3 DXJ5MV0CE YAUJQNUGBREQ3QRT0MUO9VBESSU6ANH9NLHX1CRXRWLL7Y1TK75FCVS RUYG74XVV79H1FFEHJKF3HCTU4PN8DO3JEUIO7R3CFOWVI6418T5GGKDKL6OE9RT6ILA7NRQOCL1BO5XYH3OKDFNFOGVVRJTR6LUSPIAP21VMD8FXOE876CH7FUT5J'),(77,'08CQWXSL5KNIN4 ','  WVXVDT BA01WQ','F',1,'P31G820RF7C7A58TLYEVNEB9G9Q DLFEB8F5HY7XMH6EV77BCGCTDD1J8064 Y4RL00KB217L3YSVUL6GN2XXSE20PHPWH5Q06WUI6HS14QEJRJ234YC4JYANQM9RHSSH9R4TBRC5F98XXE7XA19OSH6IC3D4KGWCJXNXQ74FKXF2KOCYD V5 W8DK4MFLQKB3FMC2BXU0R3T92RLC5G2UAID7MN1TCUITWCK5Q QWHC1SC8OXHAVEUJ2S348L7','PUXBEPULPXGP75LNVJ 2G27O06 QIUB3TNVK1B9Y1WUYC92WM 1T8L0EHWMUB8VUJX9QCJ 2USCPQCGO02RW0SJSFOH6SJ9N OGYATVMIUBYNTS5TMUFQ98QE7TAMTJDMNGBNVYSP4VQ9E9Y8AOM5VPPCVHOGD HEB018RG8MGQ2N17BWH8LYSPNK 2YVT0 N0FAMRN8SHA3V 6 TD7MSH62THSOA28C1TQBFH3J5LLVRQR8E YW4N60A6IH29D'),(78,'FSN2UOCA8PWJVPW','3F5CH4XOMFB5S9K','F',1,'FNXO5P3CJ03M283O8QY162D94OOPY721 E6IADXE6SSX0GOT6JE0MQJE9WHBVMXWCH88Q53GWEYXCX8VY4I 5T8LBWXR2728U034Y0XSY9J204MG IESGH504MNH85B1Y 2KVDIFMQR GVJTPPIHSDSGGUG6N 7V49N7  O A13DOGEVLII6WGDE78HO0P10SPQRB24RADD67LF94OD814YX8G7 MOYDH E4F88P0RMG2BM6UWE427DVG 98CPT','YRWSASDQ0CMAMH68T9PYKFWN86IM5EVUQU1C4 P2L36H1K56MX9DC16MJVKFK 2 A447PSNAA6EOSXTM6BGNDCWOEGT9E2EWXUTHXRR1D6W58M9IXK3HU5XDHWIFUEUW115I8VCN4HNCA2CH8OCQEM UM3AGL47V2RDOJJG4TGUTG5RTJMMDACKWMUY1VU HGU1KDJ02SC DP5YFA9MM9CX0CUO FHJXO50XQ1MSEAUWLQ4X0CASK 3ANQWAKG0'),(79,'C6LX1NEJGNKG7TK','33JWSNO 1NLRQXU','F',1,'PQ46AO13MID2BU3LIEGK4GIBJY9FIRI5XT43XFK3BJ1WP8DP57BVSJQ8EKS4B3QFARN1FQSV4S7U9M5 8LN0X09O7M85ORDL13BK9I80J2OJC8X7RUWY0QSVO4V0HJNJXUF0XKR8LL69B8GB9LBAJGB34GQSM0W88C27WLIITX2YJPTBR V71V1UCHN9 NWTSE6RR7TUA3LAGLCGWGDN2JKQOD8WJXKKY7DW1YEFNJRGJSP4RXC58XNL0RUS768','OVX6I4E 2BYUB5228RTUNSJKPEC072ADUL4VF GIE7CESF4BO1INCTO8AEHTC0EBR1I XD17AMII1 LWO381DR82HHY5H4CY3CUL48KY1VU4FX6SGMD4KAHDMVAJAR67KM4WNW8G133EVWGO92J6EHI31OEPWPWIYTN8N51 OE8LRTPWCYQMQR8U6XCH06510V06V4RGCSK4341E1K5410AWFMLVUPFMLJ0CHEYII5LLALAUN59DCI46BJS15B0'),(80,'LWM   ARRA2GFUR','3BWPE61BAA26B65','F',1,'JHXKLALBUNPCWA0VFGC0UNR5YU98CGQSIFSV2W4N4B566OGQ2VOFERRLJTW783YGDB297T3YQAH46W4HAN77XRD53 UMUAHCW28LLGB1GNMH2RYJ2BOEF0V4XJRK83AV4R98L MNAO32TNXBJJCJOHMPPTYJ6BDCFNNTD7VGGQW24P0 84YJ6R02CA7DDCPYD4IGVKY0JGL0GN9SV2UO95G52LUD58CVWRCPR6SSFHAX6VRQIIVO1LDXBJP8QPD','5EU71LW58CUO4Q16LGWJ4AKQ7UGUD3D32EXKX0UQ MRVUW5EMUD RA1UD7HOAIB0H879VQ11H0MGME4PF0CM59YMII2RRC 2LPH6L4RC5C5N1NTT12K733VKGFDS 4YPBAK3YLVB940KXALV8WXJMTYIWBNBJJESC4CO7TR0TKY9I4BGNWA74NVS865T6G J6 OITIEYNGRN53GHN6JS7WR0MO5QYXVM2CI3JN6 BA8KMAYCEKMOT4DC33 BA2S'),(81,'MCJJLCJDY8HJ20A','Q4EHIUTF3TQXK15','F',1,'BHCP2X586W7FEG8I4GONOTW0FEPQQ6QD162R4QHUVGONFN NAKVYX7X9TR2D6X71OX8QV5VNX0USO6O352ODG4CCTXSI9IBJEHTXP9BWRJ05GGA9MEWHNMA363MBQSNFW0K82222DFAR0U0Q5G9LYN6I3U KEK2DF32ADHOQ7GI8PMC9QH5MT1OSA55S5JP6OOLD39 NAUCWXW2SX5U4RLR83G71UCYU05CCS54O668N0R8CRKADAXQBAJW5DGK','MQKMD2RDG1YCK66TVI0GQDAX1IOS1HVAE8YCRYSCS9LVCUCB9D0CGUPS8GAS1QM2RJCWSBYYXY68FCMD7MAYCTHD7G6D7UJWCY YUC CQOA229OA5CY7TEGA5D90BUW6C9URA5VQOG7QI0FG1YWQALRGRB7U4LBDELPAKPVMOO052X4JABRT5ETV7WJQGWL6SI333WKJ72L13988XR DWNAPA4H46HWF91EHDJS9BWMNW6JGGVS 13688E444YO'),(82,' FULL U7YSHU5MQ','JFP8IQDLYQLJ7E ','F',1,'FI794SBXNPY9OJQSPSVTI4YUCH4G TRYJUKSOISGOUQKH469RSX52P7YR4NQ16A240T9ROPDDJCOTKUIVDU5YXFJO9AQ WNQI41LRFWDUKR2EU3W8AK5MVKVKXCQ3EUEOL5E3SIBT4NV1VGYIQV2FKYEDGVRN21O2BQ06P 8ISHYJETBY8BIUU4OKOSF03RAPJBAH0YANKKQR6AUBR8PCKVI5SP2IPS62Y1UIIGSIUWDLTBJWQQMGFCQPE3LLX6','WK3 SML O YL221QGK92KTMKLFBVBQWFMOC15LATPGWR632ODUJ9SFNRI6KPHIXL82YB0UO217DFD 4S2G93BKQWDX84M7 LLEA1QMB9CKJHER974PN6IFL139STXAPQ3PE8O024RB9C0HQCQDNTR27J26K4Q91FOG6H921IYNB8  6PKL2XHHUR80O AF7ASIA1XROF654X52EYWYF44L2B5MY1Y1Q2F46V4XN07UYVCGKWGF2N66QYR62M2AC'),(83,'KY8L3CJU9K6R SL','ESLIFOXQ89D7F9T','F',1,'JSP2CDGAFW77FW4SJAQ2G9W7MT8OPIYCO8GEOR786EKQHSXHW2N81KUVBAKQW 2 QFLDGQAUW0M34E01GS1 UC2JOU7WD6 X71H770XP692I2W2L247PXKY43KA3X269APEFNQR57OHF5 92ARB3LOFDNIVDH4FQU5FUKNTAXUELDX249DI17ONT2SW43CYXD3OK 2L0TE61WIF9URQSE4CPPH711AF92B3X2QV14 6310OQIPYUV2I5LSM2O0T','68DEO5PR92EIG4Y9I8JWC23XJG A33I8RO3KVQIL26LBAXC63IE0W2W 5P1TPDWXXMW8P3W5H9SUQ3SF8FEEAH OAE8SKA5IJM5CKCN7FQQ2CALD4MY7GPF5MHSQA9B95B84 61BG545TPF4OPBSGNMEL2UHN7T7XFD4LSOSU2JI 0FLCEPULTE4A5G4KNF3QLQ4AYNSF2J VI5HDF89A62TDVL34KDI3LC81VC7SQGILXG9JIVB2A7S8C20KIB'),(84,'00CRHJVYY5LY18J','TJWE3BHWACD4KP3','F',1,'Q T160EP6HHYUJ1DA5P C5G IJ6BKRL1 RUSH2JL13KGPXLD9F4W77FSC7426IM3D3CVT2UUX4T7LUU9MNFYBPPRFT91IP4TGNITQI2OKQXDDY3DHS231PEQHB1AR3DPUN  H0QJRO UIYJE39U1G9LUH79LSBHJFSTIX2D6J7KA8JBAU31AAG8GIH3I34KG6DGANDEM11K8DGD9BU96WF69RN9GUAJS97R UI46KIAVDIOT9INRBC66NUPIVMA','CQSLTJ 5UKBRV3N4HSYTWM7U60NO7EBCSQSL4EHS2D526DVSABM 55X4J9IMMR7CKGGY20FPC9V5UWI12P6XHFRU2DNCSACK12NGMVMT7VTA3AWYSDPTKGXKDQ148M18Q6KNBJSADEPNR5DXK8MLUAM49B3Y7EIVC2UVEIGMNLL4D84NNRR0E0VLNLOOHDYBOFKARE6J2M2E5770GYCJWNLELJYUM8ELRJ5QXSC3SB0YVTO9JD2IQFP6CQLTQRT'),(85,'26HYI4PPEK3J0 7','1SEG263UAUN31I ','F',1,'IUD8VRN9JYI452YIW3TH63DMQI24YORJNE CKNH7DK 9C1B9RPDJHHK PFGYLLACBRWGCTR48D1VDWS8 CK952H3IO3Y5TX9TC1215 VOVIRYPESPTC11DW15NAD HCB69DKNQ3S478O4QMOVJOAE11AC9FFPXS089WAKVMKO61B4EH26MJ7OVORN4U8AM48LRKECWMA97V8I9JL5R  NX4SFK SX9L8OTH2XEOGNGMV51U72D2PC992QHA12L3','Q3JRE8E TA40D553B6Y35D3PYB5DQKX1GE2ITPVRRM5YCVKBBM2YMGAKNAL557XIRS0 VPF50LGIEM4FUYB0HIDDS1 0E858KMG8P1X07IAY09HNGMK QO5X8GYDBBRX5G1P9644BVLYDCD329627RGX LM6KU04 1U88AY5IAQJJ HUSO1SH962FNMNKR5BW6K2338PAIL9C1MS3RM4X87U6Y6HHRFWYXEW44X9GHPYB KSOMTERHHP62 SC47'),(86,'X 4OI2BS 8L3GMO','Y QFKPJAV JC81L','F',1,'23PH0UILIGHX2S0A4YV6LX5NIW46MHN03T86AARXORUD1M8UMRHLQE7TKMW15DHBVHI55DOBNXUVPUODHUGM9E1TMPINSIP4XOWJMERIE57MOY9DF7 TLS76D9WA4GU87UGFKVNREF9WGN0VLNXU3QGY 5S6M3HY34VYUL6VGI YGY7FLPUD0POO  GNNKH2CHJB6OB7SX03 474CRW2JEXIA8V0GATY4PEP4H6L3 OOARKM7YYORWF192PL7 K','H 0E5RTU9U U39EM953K  TDEXQAS4XBW1N8B8QPX6JJMGBFXM2X894LOKQDY 5HS4508JLA P359F7D J7CIO58T71L51NY5D6UV75JUKLBG94KC6S7 4IRNLNEHATUY9NEHITFS5060RR5Y6BE58FPXRMOHFPB JJTVHO  6LE3MH8JFCEYHUL82AU00 I073S40GAILM7D6C1U2N4Q3A 631XFB0NOLLLSOJDEONCTO RGJ5483 H6RFEGFS'),(87,'9P3WHENIBB0KCJ7','DEO0CBSTFOK7JHX','F',1,'6Q6XNC0NV2DUGJMHA0GI0URU0SMMVQO14I38AUO32274M8J3UUL0AAQ CQU8G4Y8N3V2 TQWO5ORK75GO041X1Q72DUG5AGAD C44ITD6A48292VAAY6EWN01LG8F6K5M8FWB745P5RY7FJ X6 WHSY8TUFE V97LO3VHHCC90Y6CW9TNP6M8SM8SALOSN168P8CTYSHMW0540JWBPHNY56N4PUR6VW99FXMSH6EBDDXG733HIY5B9OMPJ28P5F','2IKXMRBVN4GHIP10 B88RTMRV8SDQMTHOFIUC QDX7W89XQ8TVIEY14Y37OO1DAGWXRNW8PETL4T299G17NH2HJ8I9YL5ODTHS53CIDV LBTGESICFH4CUAO6NC77BY33ILS11D2S8SP77 O8CWYAUAPV4MFM8H717XAK6XMH4RWFP0K FUFMF 987L35IWLJM50XFPO0MMNF2MANQ9YFODMK13YRFPYH67C8G0P5ON8WL3A014T2VYH2EYOQEX'),(88,'BQA31DXBCTXCDEH','EYG0IVVK6ECS2H ','F',1,'NE7BCFBIYAVNLAQBXO88TITMI8XMIBMNWF1UC875WN6R7N44U7A10JHH9KYT35K23MJUBVBQEAMIME3D1YG3GOBGN6O6ICP8DOW0F10C93UBSXHM581V2E1QD59EYQQ5WJHKB3A878K71IXFROGC60 H4Q1QWX1WMGS908ULT4QM45LDA580HM6XEJIXCDPNG GCWG0OKHDN7LD43U6W539DPFCBL7FH8XCNVISQXDRSSHSBF85MN1K3EJBPHEJ','CX5U74RLSSCP QKQRTNNQKKNT6FPF66YPG6 NNDA1X7VEMIIWAT8AF21V9BUICO9SIESA0122JA351CIOQKHNFAORQGBRLUKVKVEY2H2P849TLAAS8 BCC9RBBS8Y1QW49RHUE3GTW8T9S8DW3D59ONGA1LD6H3BNLG9KHUF0OGQUUSCIW50QPVXC74W0JBVFTEH4GF5Y2NJCQ4R5KWDHJVF EXNENFQFFAF A7X4QW8VA5949C9L1C8QHNVO 6'),(89,'LOF6EC5HHO95X Q','AWOJKJ0JRJU4N0N','F',1,'H2H1MJY3O2K47GMV1UH2DRNI 9JUHIRGOUXUF7WAN9XDOOM7CM23GR8 QDJXXCBV9TMGRB9VS6E6FXVMLGCB1VA6OOC7X1S201L8SOX80DQOGJPG8J2T69SIWBY UQ0SVRA GPXSIG5CHGHXU7G1PNP9PIUYU7UP4ERUGH8QQ9H33AJ3CXBV9G2OQM38TX7CDJKFBRVAHS07KDC0 C0M7QXTVAABI0 6GVROCWWIR5KF1LAK79BYQ7BRB5I5F75','7VS2Y3HE8H1O33NRBXX4A15R50GYS3DXB1F WGD547U1FYY9PHSE8CUA28V2 43HFEPAY KOKBA115MND2UXQXOPGPHUF4990UA5O5WSLY7IQK7F5EBD2A9G9X343LRYCUWRYLPK1YE6L7WHPTEBR5PC60JK56 MFM83X2XKHQRPYBB2GBE8KEPOOPQQ5LTQ2X441IYSAF7KG8NVKJKIL1G22JL4UTR6UBCO11RKOTMA0GMY1T7G77OLCJ159WS'),(90,'WBDRIIOD8KXNIYW','FM06D8TGDUB 3EW','F',1,'FACXAFECYHA96JVDJKUTO2I4L8SBUCLWBY9P113A 9UL779W8NYG82L K31GLCNF08BWX8BMR56BYYSU5Q93B235LT0UM9H4PR CPSY1HPT2UO0SRMKE7CKFNN3FFYR65HKH9H4CWX32E7RI1HLLB0RP8AJSI5GXMT2GHU9IC658276UMYQP15P0ESC4EKUUYLC08F2QL8T6GCMXI08ARQTMRN9DMQGKI0 MHNJ91BU243SWC41M MNVGSW2T44','OO5R7G0DSQLE72IRCHCVG0N JNQC9JMHFSCBBK7BXRJY41TN9QAW5ST0CYWVH1WYA60OGNKP4IN37TV2K0G4OL481322NRQYK5G6ONEP14MUJC2YLN9IFK8NUOK4JCIULX8ENYW5GQIGTXL OSF6BCRY 93AMT9IQN71HCXL3BL85DHE7JXEQUXHQ8K0TOWMFBIWW 85QPGQ8SH6LU2LNGW7FY8WKR3E3YJ14H9M8SYMBS5XBNDEJ0HRCPJOVC9'),(91,'W7KBVX5QG94Q IE','WYVEU1GAW15NYLH','F',1,'5HQWBVRMG4SUQRNG1OIX30LTE4FSQT6OSV1RVIJPP1VRD0GE7UAYC6UIO4PR7HUM84NYISOQT8CW764 XVYSRVBQTMC7SIOBLBNL562HOED21 NC1E 8CEK3 BF1UVYAKI 0VPUJSAYCWQIE5 S98HH40 YIY4BRJUJXYVPAAM43W7KSFBO8RGG2DEV5VCTVIH1AQSNU17O EQ21Q1VPE56X9C PH3WH7N5BS145GWGWT6OBKUILQXTJGN09SIH','6YPS67LUP1Q3WDQTF24K 6FKS7J7LJI0C5XM4IN0WHXAMHH1BYLO6MD6813SLHSUYGUHWN52C06DBJKK7FXE3C 57AAQQ015L7N YIJ1D P184K183JO1S6433 NLQTR29YGE456F93Q9UVHU39BVHP E4IVCAFQC2T3 G8049CPWBU2H4AV8WAYUJJJWB8IHINU3JVE8XVYE8ODWCBPBMHHA16IQHDQS4AFTH6GNRHAKAL6VICW07TBOV J1J '),(92,'SY9KA5ASJO S26T','FJEOGNT7S4ERMYM','F',1,'5YYSNPF1UAV183XYFMSV1CJ69J5B9YA0FIH5N0301V7NS172SOC7QKH9CYOFF9XC4MKULSEQ1AGEJ2A8H9VB5HIFBI8V1FDG253IOMXQAF5TX133UKVYBE1KN3HVVFUT5Q60PG0C926NY37Y9S30Q C9TGHQ7NFK609BYQPEG MU8V3Q3YNJGAESD8FXVWVH4I1L95 IGQVESD 1T2US2U  W0U46FV WNH3X GWTUNL90U6U0A4PIOGXAL20UQ','2IGR JKU5OPOS31N1561UVALGOI9CQXW3B9S0A0UYH9RB1LTH1O2T1LNATL7YBPULPDUGQNC4FFOAR5UR3XBJIETQ1NIKPJ5OM41Y36ERHOD1K3Q7FOV7X39OY1GI5 BXHO99EN8J05IYN6KQOFC2TB8IOT16SW3J0X05OB6KQVDF1DNSRI3DM175MVUYNEA6GKFESSRLSMVTRYE9312FOFR1OV4BOWX2C3BSIXOUTWMNQIEOHUYK80N828VOP4'),(93,'FCGJJQEM94OLCCO','SDV1PDV9CVV9LI6','F',1,'LIYS0A6W6LIMB2368ADUNOV8U5CHKV5OLDYM DAA45CHU OGROFDTKMCEOYV39 FBO XKM1YBUBGP8MRWF0M  7 IW4N41230PLHPCXT7H3OLR8JH79EWVWEQMPLOD4Y4LI6X65GAWOHU HXEOKPWMUJIKSL9WI  FV2C8Q53PBD9Q9OJAPOS1XXEBSO0MHR25XEH GR6HJX6858UJLNWAUT0FD3IY1KTOEJGCUU5P6 G2IPBPI04 03YAI7VQY','DISW4FFJCTLMAQFQID6NRB7MPWSPYT79EF1EDIS64XG0DL6L0IURN5F3P3153SQ23XNEQUROCLWXT81JXMQAYUNU2UXLCTRGU8BUD4O6VG8RYVM2V511FHV2CIOO431HHVMHJT8X5KKE5ORW0ULJS1F5RV9QSNIIHTULHDDD3ESHTOKV1V6YUEVK01GMQIGWRI25J6A54RIBDTH05U81FD21BMS0FKGAUP7T1GHYA 8RAX7I4R0ACO5DEKM4DMC'),(94,'1F1BWOB 69M1JJA','8O4B51W7C9C  M5','F',1,'XVG7YABOEHICOL25J0ON3GES6TEDL5AIYFMW7X6LARAES65XTGAKWUWAS9EA8R7SPLGUXJ57V7EQ4 WTD0T4I705UYB06JNQP46OCK399XWGMG3O1CF7SCRH6EM9FO425OUEX18A5 RXCN02C83TQGM7EAP24 J9T0H77G7JXJUUJ28BGFVDGEF O7WRLQ9J8X0MWW24MPW5LTTL6OKIBGF9VVFXAT0 K68EY BWWPM32H7T VY5QIBCIYEFVJX','GBB62WGGCVQHN1BYLPQ175EP0H6ITRH0SDM6UCRK23Y RFA AAOMV 4L1PSVDO37JUC08N01TIM7MYPVDIYAXLQ8NL0JK7EQ DXE7DRG9GYQNK2M6RRRLJQB2Q9HOTA7G AY85KL7SKYY7MI5WOGRGKROBEHKYKJIFP1LJQMJYH2AXO1WCQLYYLV  N3V6VXUSXQ39KUFU4 1QC271C9DQ03PXMOS0TTBV1YBYA 3 DFAONP0GA6UH AMWDC72W'),(95,'6FSOYB5MNDX4JG8','4AVKRONO3E9QW48','F',1,'YFCT3XFIR AIKYPQYI4XH07NMYYMFF7N6UVQL0JWHUUMFM8WRCVXQRJYY 2OC6SRVOAFMXQ7U98LCARC0TFYFRAAAMK75HAEXNPP0G2MRT0795SRWOXXY1Q5CYDLWB 5TI8MSTY Q5IGC18NAND3X4GVH3DIU8HEQ0RK2U800U4PX7F7MJOX23KIR8BXDBS8HY777T85FM0IGJ5I36N98IJXVJV105DMJ4CFLNKOH7BRLDIDGC04HJ7R48MDIW2','BX0A8RGPJHL00025R48UHG7QVJY5TK6I 9G3Y688C1YVT B5WAO720HXBP3OIARRS3PLAPTMH3EMHW8KEAGPEB8458D3MF7Y1RYHGWTJ5AC987Q1OAI 10Z561ET7 UC66S6CFLXPPMK1FJF9W3D8P24CH701XXITQ8YGVI1P2H2G2D UCXYS1SFRI7LIBL9PEOS1YSETKK3PNT58A4P9PDQPLABP7WPSNYIVBMSVYVUOSDOH079TEWYKRNPBOR'),(96,'HHLIPVX7QJ7RKXO','TO6VOQCMKCWUILP','F',1,'25K4V60VHORDLK6AOL9MA6OPNAW6H67PJ7IY4 POET I0WP CTNK3Q5DNDJ5 RVC3HCGDKU09LM918QK731VGFHAY7X XT8IKVRSIIURMOY3FMDWQ5HO90RNBU3OK2FV3X43BPDCEJULSEXIVIO77I55T6S9YGUMC4FJHA5RYEV9N6SAXI KY8 11REV49 JBMECNP3I199RITITL7D32RQ3X1 LY GUFECS9Q9MRXVOQIW31FKY Y3KT67KAG5','IM02I02LMFW9OQS5GQQGA4DSYNR4UNY4TGTSP0ARQ6LV25B637XAFHQGK17HVCUDVA G 97DQIOXAL 0VLAP9DP26QI06YXA35L3C24TRBRV6VO0WT9TR759603P0V818WDVM1I C929H1L4OOUQQR27AW1KLR BJ6MXN3YBERIKTDXR3NQNX0NML92O0MHAMDFG3C7SB2NEQI6YI2AS B8PPQL28P9QHOFNL96WS7QDPCU5MYIBG8CAIOMX7JY'),(97,'3XOM56FE486IXYD','7JINW1V12XQ6KN3','T',1,'5G OP6JTAKGU 97CTPQ2YBMQ6AQ9T252BLLQ19CJ29R6WV36TG23KN5M8J512IP67FK5NF9SRNTXS05B9XEW0KXTMC8H5613RD 48PH5Y5KB6AR0NSYYTMLH0XQQUOE52D9K946EFOHC9D4RN7CO8DR29 PPQP00EV79QQEP4RDVXYEE3 M45CYCCRQ2  XM6W4NEO3E3DGENSN01B8837JCG1PBE978 YL3M147L1CDLMUYK21PAKUCV3YPIAQ','TL820BR440SBLFYER68RVS44QF381R1NQE3IHUJV0Q02UC2EP00NP9 VVQPFYHAJ5CSSOT4QWKFKRF0J8Q B 5CTC9RS02YWTAY8P7WX9ENA7D7TQG0JMY0UPOKMF5FUQNL1A010QMNGQQ HRVBV77M5M6T22F0RYD55V9QU08V3I8L0Y7IMYFT7YGN1FJVBSXGAG1 I2P40FK6866OYR72RPRJ8P75FMBRYTFRE  LS GT8F28Q66SV1VH4Q6T'),(98,'TK5SJEI1T0H1N9Q','3QVHG364JFD408 ','F',1,'6YJIIUR XQJ33RXHP4JM1MOXIF9L519TEQEJPPMIML 612WY08U5FXVF79091KILC7IOYFTAJJ78JMK SDKWKTFQSRUHTV0W0P86M72GPN4MLJWVGNJNDHVK7CRLOM0846WADBMG NQOK0FA4WN26C8562QU4N9H99V32AB6Y 0M3I6EQKSOI0006QTEVX3 P7KLYQFW0Q1I1JRN0QU095C6JO0C LDFM FQIHUBDLWFLU8 F6TDINU2A HNSXF','BNV0EUC2JIREAX8LJGWUDWBOI8UV1O71JNAF J9FB0G9BMSNWRBNT4JEC785B3AIUJGNB E SJX3IIRMU421NLL6F4VLDHK535Y27S G5ORCT1 BBY0O7S65ML5B1MWQAKWMBD6DW34VXBCEJXKNFW0C3EYVWY5VU YK2OA9VPNWC6OF TNE5RVO9GP9CM84BQCKMDKH5GK4A1XXFIOV UL1WWDSIE3WOCQQ SCD1KKLV01AY4OA99 6XYG9DON'),(99,'FUUQQF0BCLP8BQ9','HCT1J1CK221OCYH','F',1,'CJ0S4XLBGCL0PY9F40IMOFJ9M6K2P02P0SMILU9TTWJLOQSRKBVCAFFOPKACF5WXCUGOB2U8K7KIH4057XKBHVHDJM0F780LA4EVXVM KUE0V65A7NCJDO1MQTQJSH6P5W1M0X0262D8H6IF25L4X4L3CA5VRBBQP6LI03L 2YIFVPMBSUC73QT4R0LONGHQ3QW78J3REEGVIN39OUAVOBIHUR29TXXAV5ID0QFYQ1JTS4S3J6TDD NIS26VN 1','HV3P87XDRD01QU200WT1VJKTD418PM7H0AR9YX7 388LUK7IEOFJFM3DJGU4Q07 Q2C5BKB4F57MM6778B5VU2TNQWTAI44JVXSRLGK7T9JFC233MNKNMLSLG9NV18C8G AVJOWP421VPDLAKWDXOPT61O8GPEY4GH2W85W29DNBT24V1IGDCNADTJM7BIMDS2MR8ITSV6IQ5WP U7T5CHB7WJ T25P47LJUH8KFOTWIND1TQ1N U3LRGONGKQA'),(100,'C3LXVQ85HY7SEL9','IKYJIH95O784RNE','F',1,'4  S0T7HU3QYOGSX2CS0S9KLRX5ER34L8PT66R8SU1LP SQXFJFD0BGX65JGHAAGF80BSIKESR4B8X5N5S87166X1T9J91FNTH0493A3G9RQNL9NYCSU4FC16NFHO RUNXMCMKG0SX9U1G8QNW6F4LG1MWJ1WVC EL3HL01JTUX5Y94X8QVVMBWXIBKNPG7AK 4TLMWBTJB2IRWOWMOTS91157SLNHAAX6PFLHRC62IPKQEKVYVRI21 1F VVTC','HQF 0F1C47CSJD79KHT2TQ44WNKQRQL4GPOF41A56BDQ3ENMUJS9RM97JT422HTM6XI3JSVSBBEODT3XS9TEHE6STB RUOC4XYL8RIK3B4 CLDA1 4JV13W5BK239WOGKAIEFJLOMMIP0HFNNRHCOCU9C0BQPAQ4OJRDAQLYAUC13056OQ1TP9TWT6GKRHSJGCOACIK04ROUFCEWMPLHPK3LAK8R1NJRRCKJNS VHFP0THMUMCCWCF9Q P6TGJ4');
